Date_reported,Afghanistan,Albania,Algeria,Andorra,Angola,Anguilla,Antigua and Barbuda,Argentina,Armenia,Aruba,Australia,Austria,Azerbaijan,Bahamas,Bahrain,Bangladesh,Barbados,Belarus,Belgium,Belize,Benin,Bermuda,Bhutan,Bolivia (Plurinational State of),"Bonaire, Sint Eustatius and Saba",Bosnia and Herzegovina,Botswana,Brazil,British Virgin Islands,Brunei Darussalam,Bulgaria,Burkina Faso,Burundi,Cabo Verde,Cambodia,Cameroon,Canada,Cayman Islands,Central African Republic,Chad,Chile,China,Colombia,Comoros,Congo,Costa Rica,Croatia,Cuba,Curaçao,Cyprus,Czechia,Côte d’Ivoire,Democratic Republic of the Congo,Denmark,Djibouti,Dominica,Dominican Republic,Ecuador,Egypt,El Salvador,Equatorial Guinea,Eritrea,Estonia,Eswatini,Ethiopia,Falkland Islands (Malvinas),Faroe Islands,Fiji,Finland,France,French Guiana,French Polynesia,Gabon,Gambia,Georgia,Germany,Ghana,Gibraltar,Greece,Greenland,Grenada,Guadeloupe,Guam,Guatemala,Guernsey,Guinea,Guinea-Bissau,Guyana,Haiti,Holy See,Honduras,Hungary,Iceland,India,Indonesia,Iran (Islamic Republic of),Iraq,Ireland,Isle of Man,Israel,Italy,Jamaica,Japan,Jersey,Jordan,Kazakhstan,Kenya,Kosovo[1],Kuwait,Kyrgyzstan,Lao People's Democratic Republic,Latvia,Lebanon,Lesotho,Liberia,Libya,Liechtenstein,Lithuania,Luxembourg,Madagascar,Malawi,Malaysia,Maldives,Mali,Malta,Martinique,Mauritania,Mauritius,Mayotte,Mexico,Monaco,Mongolia,Montenegro,Montserrat,Morocco,Mozambique,Myanmar,Namibia,Nepal,Netherlands,New Caledonia,New Zealand,Nicaragua,Niger,Nigeria,North Macedonia,Northern Mariana Islands (Commonwealth of the),Norway,Oman,Other,Pakistan,Panama,Papua New Guinea,Paraguay,Peru,Philippines,Poland,Portugal,Puerto Rico,Qatar,Republic of Korea,Republic of Moldova,Romania,Russian Federation,Rwanda,Réunion,Saint Barthélemy,Saint Kitts and Nevis,Saint Lucia,Saint Martin,Saint Pierre and Miquelon,Saint Vincent and the Grenadines,San Marino,Sao Tome and Principe,Saudi Arabia,Senegal,Serbia,Seychelles,Sierra Leone,Singapore,Sint Maarten,Slovakia,Slovenia,Somalia,South Africa,South Sudan,Spain,Sri Lanka,Sudan,Suriname,Sweden,Switzerland,Syrian Arab Republic,Tajikistan,Thailand,The United Kingdom,Timor-Leste,Togo,Trinidad and Tobago,Tunisia,Turkey,Turks and Caicos Islands,Uganda,Ukraine,United Arab Emirates,United Republic of Tanzania,United States Virgin Islands,United States of America,Uruguay,Uzbekistan,Venezuela (Bolivarian Republic of),Viet Nam,Yemen,Zambia,Zimbabwe,"occupied Palestinian territory, including east Jerusalem"
2020-03-11,3.0,4.0,0.0,0.0,,,,5.0,0.0,,30.0,51.0,0.0,,79.0,0.0,,3.0,99.0,,,,0.0,6.0,,2.0,,9.0,,11.0,0.0,6.0,,,0.0,0.0,16.0,,,,4.0,31.0,0.0,,,4.0,1.0,,,0.0,0.0,,5.0,276.0,,,0.0,0.0,8.0,,,,3.0,,,,0.0,,0.0,495.0,0.0,,,,0.0,157.0,,0.0,6.0,,,,,,0.0,,,,,0.0,,3.0,0.0,10.0,8.0,958.0,9.0,14.0,,17.0,2313.0,0.0,54.0,,0.0,,,,3.0,,,2.0,29.0,,,,0.0,2.0,0.0,,,12.0,2.0,,2.0,1.0,,,,0.0,0.0,0.0,,,2.0,,,,0.0,61.0,,0.0,,,0.0,0.0,,0.0,0.0,0.0,3.0,7.0,,4.0,2.0,16.0,5.0,0.0,,244.0,242.0,0.0,14.0,0.0,,,0.0,,,0.0,,,6.0,,1.0,0.0,7.0,,,12.0,,3.0,34.0,,0.0,,598.0,1.0,,,135.0,203.0,,,6.0,148.0,,0.0,,0.0,5.0,,,0.0,0.0,,,0.0,,,,4.0,,,,1.0
2020-03-12,0.0,13.0,5.0,0.0,,,,2.0,0.0,,18.0,64.0,2.0,,6.0,0.0,,0.0,174.0,,,,0.0,0.0,,0.0,,18.0,,0.0,3.0,0.0,,,2.0,0.0,0.0,,,,6.0,26.0,6.0,,,0.0,3.0,,,4.0,55.0,5.0,0.0,136.0,,,0.0,2.0,0.0,,,,0.0,,,,0.0,,115.0,12.0,0.0,5.0,,,2.0,271.0,,0.0,9.0,,,,,,0.0,,,,,0.0,6.0,1.0,0.0,14.0,7.0,1075.0,0.0,8.0,,24.0,2651.0,0.0,52.0,6.0,0.0,,,,8.0,,,6.0,5.0,,,,3.0,0.0,12.0,,,0.0,0.0,,3.0,0.0,,,,4.0,0.0,0.0,,,1.0,,,,0.0,121.0,,0.0,,,0.0,0.0,,0.0,0.0,0.0,1.0,2.0,,0.0,6.0,3.0,9.0,0.0,,0.0,224.0,1.0,18.0,27.0,,,0.0,,,0.0,,,8.0,,0.0,6.0,7.0,,,9.0,,11.0,0.0,,10.0,,518.0,1.0,,,159.0,281.0,,,11.0,259.0,,0.0,,1.0,0.0,,,0.0,11.0,,,291.0,,,,4.0,,,,1.0
2020-03-13,0.0,10.0,0.0,0.0,,,5.0,12.0,7.0,,49.0,115.0,0.0,,0.0,0.0,,9.0,250.0,,,,0.0,1.0,,7.0,,46.0,,0.0,16.0,0.0,,,0.0,0.0,59.0,5.0,,,20.0,10.0,7.0,,,10.0,9.0,8.0,5.0,8.0,0.0,0.0,0.0,127.0,,,0.0,6.0,0.0,,,,66.0,,,,0.0,,0.0,1359.0,1.0,0.0,,,0.0,802.0,,0.0,34.0,,,,,,0.0,,,5.0,,0.0,0.0,3.0,56.0,7.0,35.0,1289.0,0.0,27.0,,27.0,2547.0,1.0,55.0,0.0,0.0,,,6.0,20.0,,,3.0,0.0,,,,0.0,3.0,21.0,,,0.0,0.0,,3.0,1.0,,,,1.0,1.0,0.0,,,0.0,,,,0.0,111.0,,0.0,,,0.0,2.0,,473.0,0.0,1.0,0.0,4.0,,0.0,5.0,0.0,18.0,71.0,,0.0,0.0,4.0,15.0,0.0,,7.0,0.0,,,0.0,,5.0,6.0,,0.0,0.0,12.0,,,13.0,,11.0,84.0,,0.0,,825.0,0.0,,,155.0,308.0,,,5.0,406.0,,0.0,5.0,0.0,4.0,,,2.0,0.0,,5.0,277.0,,,,0.0,,,,4.0
2020-03-15,6.0,4.0,12.0,0.0,,,0.0,0.0,18.0,,101.0,151.0,2.0,,3.0,0.0,,0.0,179.0,,,,0.0,0.0,,8.0,,0.0,,15.0,10.0,0.0,,,5.0,0.0,128.0,0.0,0.0,,0.0,27.0,0.0,,5.0,0.0,6.0,0.0,1.0,9.0,103.0,0.0,0.0,37.0,,,0.0,0.0,17.0,,0.0,,92.0,0.0,0.0,,0.0,,57.0,911.0,0.0,2.0,0.0,,3.0,733.0,1.0,0.0,38.0,,,3.0,,5.0,0.0,0.0,,3.0,,0.0,0.0,6.0,0.0,23.0,48.0,1254.0,31.0,38.0,,22.0,3590.0,0.0,0.0,0.0,5.0,4.0,0.0,0.0,8.0,,,12.0,6.0,,,,0.0,1.0,0.0,,,41.0,4.0,,9.0,5.0,0.0,,0.0,15.0,0.0,0.0,,,10.0,,,0.0,0.0,155.0,,0.0,,,0.0,0.0,,170.0,2.0,15.0,24.0,0.0,,0.0,15.0,76.0,36.0,133.0,0.0,0.0,76.0,11.0,10.0,0.0,9.0,3.0,2.0,,6.0,0.0,,0.0,9.0,,0.0,5.0,0.0,6.0,,14.0,,17.0,78.0,,0.0,,1522.0,5.0,0.0,5.0,68.0,532.0,,,39.0,478.0,,0.0,1.0,2.0,0.0,,,0.0,13.0,,0.0,36.0,8.0,,15.0,5.0,,,,0.0
2020-03-16,5.0,9.0,0.0,0.0,,,0.0,11.0,26.0,,38.0,205.0,0.0,,7.0,5.0,,15.0,214.0,,,,0.0,8.0,,0.0,,79.0,,10.0,10.0,12.0,,,0.0,2.0,0.0,0.0,0.0,,14.0,29.0,10.0,,0.0,12.0,11.0,0.0,0.0,3.0,45.0,0.0,0.0,34.0,,,0.0,14.0,16.0,,0.0,,34.0,0.0,3.0,,6.0,,5.0,1193.0,0.0,0.0,0.0,,0.0,1043.0,0.0,2.0,103.0,,,0.0,,0.0,0.0,0.0,,0.0,,0.0,0.0,8.0,42.0,7.0,55.0,1008.0,0.0,40.0,,50.0,3233.0,2.0,34.0,0.0,0.0,0.0,2.0,0.0,11.0,,,5.0,0.0,,,,3.0,8.0,43.0,,,315.0,0.0,,9.0,1.0,0.0,,0.0,12.0,7.0,3.0,,,1.0,,,0.0,0.0,176.0,,0.0,,,0.0,6.0,,92.0,0.0,0.0,1.0,16.0,,2.0,28.0,2.0,21.0,86.0,0.0,64.0,74.0,6.0,35.0,59.0,0.0,0.0,0.0,,0.0,0.0,,0.0,10.0,,30.0,0.0,16.0,2.0,,17.0,,11.0,34.0,5.0,13.0,,2000.0,8.0,0.0,0.0,67.0,362.0,,,33.0,361.0,,0.0,0.0,2.0,42.0,,,2.0,0.0,,0.0,0.0,0.0,8.0,0.0,4.0,,,,1.0
2020-03-17,1.0,4.0,11.0,12.0,,,0.0,9.0,0.0,6.0,78.0,156.0,0.0,5.0,16.0,0.0,,0.0,387.0,,5.0,,0.0,0.0,,0.0,,34.0,,4.0,11.0,5.0,,,12.0,0.0,120.0,0.0,0.0,,81.0,39.0,11.0,,0.0,6.0,8.0,1.0,1.0,0.0,136.0,3.0,1.0,79.0,,,16.0,21.0,40.0,,0.0,,20.0,0.0,1.0,,2.0,,47.0,1079.0,0.0,0.0,0.0,,1.0,1174.0,4.0,0.0,21.0,,,12.0,7.0,5.0,0.0,0.0,,0.0,,0.0,6.0,11.0,45.0,23.0,0.0,1178.0,30.0,54.0,,54.0,3526.0,2.0,15.0,3.0,29.0,0.0,0.0,8.0,7.0,,,24.0,21.0,,5.0,,0.0,8.0,59.0,,,0.0,0.0,,8.0,0.0,0.0,,0.0,29.0,0.0,0.0,6.0,,9.0,,,0.0,0.0,278.0,,5.0,,,0.0,12.0,,139.0,2.0,0.0,134.0,26.0,,1.0,15.0,45.0,52.0,117.0,0.0,41.0,84.0,1.0,26.0,0.0,2.0,0.0,0.0,,0.0,0.0,,0.0,2.0,,38.0,1.0,15.0,0.0,,23.0,,25.0,22.0,0.0,11.0,,1438.0,10.0,0.0,0.0,108.0,630.0,,,30.0,442.0,,0.0,3.0,4.0,0.0,,,9.0,0.0,5.0,1.0,1822.0,2.0,12.0,16.0,4.0,,,,2.0
2020-03-19,0.0,7.0,10.0,0.0,,,0.0,0.0,34.0,-3.0,195.0,314.0,0.0,0.0,13.0,3.0,0.0,0.0,534.0,,1.0,0.0,-3.0,-1.0,,4.0,,133.0,,13.0,11.0,14.0,,,8.0,5.0,163.0,-2.0,0.0,5.0,100.0,122.0,11.0,,0.0,33.0,12.0,-3.0,0.0,0.0,168.0,0.0,7.0,84.0,0.0,,9.0,40.0,14.0,1.0,1.0,,5.0,0.0,3.0,,25.0,1.0,6.0,1830.0,0.0,4.0,0.0,0.0,0.0,1042.0,2.0,-2.0,31.0,0.0,,8.0,3.0,-1.0,0.0,1.0,,0.0,,0.0,-1.0,23.0,76.0,40.0,78.0,1046.0,13.0,74.0,,98.0,5318.0,-2.0,73.0,0.0,4.0,-2.0,0.0,4.0,6.0,0.0,,11.0,29.0,,0.0,,0.0,6.0,131.0,,,223.0,0.0,,1.0,5.0,0.0,4.0,1.0,21.0,0.0,-3.0,1.0,0.0,12.0,,,1.0,0.0,346.0,2.0,15.0,1.0,5.0,4.0,13.0,,125.0,6.0,0.0,61.0,19.0,,0.0,85.0,26.0,49.0,139.0,-3.0,10.0,235.0,9.0,10.0,48.0,0.0,3.0,0.0,,0.0,0.0,,0.0,13.0,,0.0,2.0,37.0,0.0,,28.0,0.0,12.0,29.0,0.0,34.0,,2534.0,13.0,0.0,0.0,140.0,1198.0,,,106.0,769.0,,8.0,-2.0,6.0,0.0,,,0.0,23.0,3.0,0.0,3351.0,46.0,1.0,0.0,15.0,,0.0,,6.0
2020-03-20,-2.0,0.0,8.0,36.0,,,0.0,27.0,14.0,0.0,164.0,550.0,6.0,-3.0,12.0,0.0,-1.0,7.0,713.0,,0.0,0.0,0.0,1.0,,0.0,,193.0,,5.0,13.0,0.0,,1.0,4.0,3.0,110.0,0.0,0.0,0.0,92.0,116.0,37.0,,0.0,26.0,23.0,5.0,0.0,5.0,210.0,0.0,0.0,123.0,0.0,,38.0,168.0,42.0,0.0,0.0,,16.0,0.0,0.0,,25.0,0.0,81.0,1598.0,0.0,0.0,-4.0,0.0,5.0,5940.0,1.0,0.0,46.0,0.0,,6.0,2.0,3.0,0.0,0.0,,0.0,2.0,0.0,12.0,12.0,79.0,0.0,60.0,1233.0,12.0,191.0,1.0,183.0,5986.0,1.0,46.0,3.0,9.0,11.0,0.0,3.0,7.0,-1.0,,25.0,10.0,,0.0,,5.0,33.0,139.0,,,130.0,0.0,,11.0,0.0,0.0,1.0,0.0,46.0,-1.0,0.0,1.0,0.0,9.0,,,0.0,0.0,409.0,0.0,14.0,0.0,0.0,0.0,22.0,,190.0,5.0,-4.0,155.0,28.0,1.0,-2.0,0.0,13.0,68.0,235.0,8.0,4.0,147.0,17.0,48.0,54.0,0.0,9.0,0.0,,0.0,0.0,,0.0,25.0,,32.0,0.0,12.0,0.0,,40.0,0.0,14.0,22.0,0.0,51.0,,3431.0,0.0,0.0,-3.0,200.0,1055.0,,,0.0,999.0,1.0,0.0,0.0,15.0,475.0,,,6.0,0.0,0.0,0.0,4777.0,15.0,12.0,0.0,6.0,,0.0,1.0,-3.0
2020-03-22,10.0,0.0,45.0,39.0,0.0,,0.0,0.0,0.0,0.0,17.0,375.0,0.0,0.0,28.0,0.0,0.0,0.0,470.0,,0.0,0.0,0.0,0.0,,0.0,,0.0,,0.0,36.0,3.0,,0.0,0.0,0.0,0.0,0.0,0.0,0.0,0.0,1.0,0.0,,0.0,0.0,80.0,0.0,0.0,0.0,0.0,0.0,0.0,0.0,0.0,,0.0,0.0,9.0,0.0,0.0,0.0,0.0,0.0,0.0,,12.0,0.0,0.0,0.0,0.0,0.0,3.0,0.0,0.0,3276.0,0.0,0.0,35.0,0.0,,0.0,0.0,0.0,0.0,0.0,,0.0,0.0,0.0,0.0,28.0,0.0,58.0,64.0,1028.0,19.0,102.0,0.0,0.0,0.0,0.0,0.0,0.0,15.0,4.0,0.0,0.0,12.0,0.0,,0.0,42.0,,0.0,,0.0,0.0,0.0,0.0,,0.0,0.0,,0.0,0.0,0.0,0.0,0.0,0.0,0.0,0.0,6.0,0.0,23.0,,,0.0,0.0,637.0,0.0,0.0,0.0,0.0,0.0,0.0,,0.0,3.0,0.0,151.0,0.0,0.0,0.0,0.0,73.0,111.0,0.0,0.0,11.0,0.0,0.0,0.0,0.0,0.0,0.0,0.0,,0.0,0.0,,0.0,0.0,,119.0,0.0,0.0,0.0,,0.0,0.0,0.0,0.0,0.0,0.0,,4946.0,0.0,0.0,0.0,0.0,925.0,,,188.0,1255.0,0.0,0.0,0.0,15.0,0.0,,0.0,0.0,0.0,0.0,0.0,0.0,0.0,0.0,0.0,0.0,,0.0,0.0,7.0
2020-03-23,6.0,13.0,62.0,1.0,0.0,,0.0,67.0,30.0,3.0,611.0,607.0,12.0,0.0,5.0,3.0,0.0,0.0,486.0,,0.0,0.0,0.0,5.0,,33.0,,0.0,,5.0,22.0,0.0,,0.0,33.0,13.0,336.0,0.0,1.0,0.0,198.0,104.0,0.0,,0.0,4.0,29.0,0.0,0.0,11.0,170.0,12.0,7.0,69.0,-2.0,,0.0,26.0,33.0,0.0,0.0,0.0,20.0,-1.0,-2.0,,23.0,1.0,105.0,1525.0,3.0,3.0,0.0,0.0,5.0,3311.0,5.0,5.0,94.0,0.0,1.0,5.0,12.0,6.0,12.0,0.0,,0.0,0.0,0.0,2.0,36.0,95.0,93.0,65.0,1411.0,33.0,121.0,0.0,188.0,5560.0,3.0,43.0,3.0,13.0,5.0,4.0,11.0,1.0,0.0,,-61.0,19.0,,0.0,,35.0,-26.0,-582.0,9.0,,123.0,0.0,,18.0,5.0,0.0,0.0,3.0,87.0,73.0,0.0,7.0,0.0,25.0,1.0,,0.0,0.0,573.0,3.0,36.0,0.0,-3.0,0.0,27.0,,-1801.0,11.0,0.0,138.0,108.0,0.0,4.0,0.0,16.0,98.0,320.0,2.0,13.0,64.0,14.0,66.0,132.0,0.0,17.0,0.0,,0.0,-3.0,,0.0,0.0,,51.0,11.0,46.0,0.0,,23.0,0.0,7.0,31.0,0.0,34.0,,3646.0,22.0,0.0,0.0,160.0,602.0,1.0,,122.0,1198.0,0.0,1.0,41.0,14.0,289.0,,0.0,0.0,45.0,2.0,0.0,16354.0,41.0,13.0,30.0,24.0,,-3.0,0.0,0.0
2020-03-24,2.0,34.0,30.0,31.0,0.0,,-2.0,76.0,45.0,4.0,427.0,855.0,7.0,0.0,51.0,12.0,13.0,5.0,1328.0,1.0,-1.0,0.0,0.0,4.0,,6.0,,1297.0,,3.0,16.0,24.0,,0.0,1.0,30.0,355.0,2.0,0.0,-2.0,290.0,164.0,110.0,,0.0,60.0,71.0,32.0,3.0,21.0,71.0,0.0,6.0,65.0,0.0,2.0,240.0,517.0,39.0,4.0,0.0,0.0,26.0,0.0,0.0,,3.0,1.0,74.0,3794.0,5.0,5.0,0.0,0.0,13.0,4438.0,3.0,0.0,71.0,-2.0,0.0,17.0,2.0,3.0,3.0,-2.0,,0.0,5.0,0.0,4.0,20.0,20.0,85.0,0.0,1762.0,50.0,219.0,11.0,167.0,4789.0,2.0,39.0,1.0,15.0,10.0,1.0,28.0,2.0,2.0,2.0,117.0,37.0,,0.0,,0.0,100.0,787.0,1.0,,212.0,0.0,,16.0,20.0,0.0,24.0,10.0,119.0,0.0,0.0,22.0,0.0,9.0,0.0,2.0,0.0,-3.0,545.0,2.0,40.0,0.0,0.0,0.0,24.0,,2246.0,18.0,0.0,103.0,100.0,0.0,5.0,98.0,66.0,115.0,460.0,16.0,7.0,76.0,15.0,143.0,0.0,19.0,7.0,0.0,,-3.0,3.0,,0.0,36.0,,205.0,12.0,30.0,0.0,,52.0,-3.0,6.0,28.0,0.0,128.0,,4517.0,3.0,1.0,4.0,110.0,1261.0,0.0,,106.0,1378.0,0.0,2.0,7.0,25.0,293.0,1.0,8.0,37.0,50.0,0.0,11.0,20341.0,27.0,0.0,7.0,5.0,,0.0,0.0,1.0
2020-03-25,32.0,23.0,33.0,48.0,0.0,,0.0,0.0,30.0,0.0,287.0,796.0,15.0,0.0,29.0,0.0,0.0,0.0,1195.0,0.0,0.0,0.0,0.0,0.0,,33.0,,0.0,,13.0,19.0,15.0,,0.0,4.0,0.0,0.0,0.0,0.0,0.0,0.0,102.0,0.0,,0.0,0.0,76.0,0.0,0.0,8.0,158.0,47.0,9.0,131.0,9.0,0.0,0.0,0.0,76.0,0.0,0.0,0.0,17.0,0.0,1.0,,4.0,1.0,92.0,2410.0,0.0,2.0,0.0,-3.0,6.0,2342.0,26.0,0.0,48.0,0.0,0.0,0.0,3.0,0.0,3.0,0.0,,0.0,0.0,0.0,0.0,39.0,60.0,87.0,211.0,2206.0,30.0,204.0,10.0,932.0,5249.0,0.0,65.0,0.0,26.0,10.0,9.0,8.0,4.0,26.0,0.0,17.0,29.0,,0.0,1.0,-24.0,30.0,224.0,6.0,,278.0,0.0,,13.0,0.0,0.0,6.0,6.0,0.0,0.0,0.0,15.0,0.0,27.0,2.0,1.0,-3.0,0.0,811.0,3.0,47.0,0.0,0.0,20.0,12.0,,195.0,15.0,0.0,104.0,0.0,0.0,0.0,0.0,174.0,152.0,302.0,0.0,25.0,100.0,16.0,186.0,220.0,4.0,12.0,0.0,,0.0,0.0,,0.0,0.0,,133.0,7.0,54.0,0.0,,51.0,0.0,13.0,38.0,0.0,152.0,,6584.0,5.0,0.0,0.0,256.0,852.0,0.0,,107.0,2338.0,0.0,2.0,0.0,59.0,343.0,0.0,0.0,29.0,85.0,0.0,0.0,0.0,0.0,4.0,0.0,11.0,,0.0,0.0,2.0
2020-03-27,11.0,12.0,41.0,58.0,0.0,0.0,0.0,0.0,39.0,0.0,186.0,1141.0,29.0,0.0,9.0,4.0,0.0,0.0,1363.0,0.0,0.0,0.0,0.0,0.0,,40.0,,0.0,0.0,5.0,22.0,0.0,,0.0,2.0,0.0,0.0,0.0,0.0,2.0,0.0,132.0,0.0,,0.0,0.0,77.0,0.0,0.0,14.0,408.0,0.0,3.0,153.0,1.0,0.0,0.0,0.0,39.0,0.0,0.0,2.0,134.0,2.0,0.0,,8.0,0.0,78.0,3866.0,0.0,5.0,0.0,0.0,4.0,5780.0,4.0,9.0,71.0,1.0,0.0,0.0,8.0,0.0,4.0,1.0,0.0,0.0,0.0,0.0,0.0,39.0,65.0,75.0,153.0,2926.0,76.0,255.0,3.0,666.0,6153.0,0.0,96.0,14.0,40.0,53.0,0.0,9.0,17.0,14.0,3.0,23.0,23.0,,0.0,0.0,5.0,25.0,120.0,5.0,,235.0,0.0,0.0,5.0,0.0,-3.0,34.0,15.0,0.0,0.0,0.0,12.0,0.0,50.0,0.0,2.0,0.0,0.0,1019.0,0.0,76.0,0.0,8.0,19.0,24.0,,240.0,22.0,0.0,140.0,0.0,0.0,0.0,0.0,0.0,170.0,549.0,0.0,12.0,91.0,28.0,123.0,196.0,9.0,41.0,0.0,0.0,0.0,0.0,,0.0,10.0,,92.0,6.0,73.0,0.0,,52.0,0.0,10.0,49.0,1.0,0.0,,8578.0,4.0,0.0,0.0,296.0,1147.0,0.0,,91.0,2692.0,0.0,1.0,0.0,54.0,1196.0,0.0,0.0,62.0,0.0,0.0,0.0,0.0,0.0,18.0,0.0,5.0,,10.0,3.0,7.0
2020-03-29,8.0,15.0,42.0,20.0,0.0,0.0,0.0,101.0,52.0,18.0,331.0,594.0,17.0,1.0,26.0,0.0,0.0,0.0,844.0,0.0,0.0,2.0,0.0,13.0,,36.0,,502.0,0.0,5.0,38.0,0.0,,0.0,0.0,16.0,739.0,0.0,0.0,0.0,299.0,128.0,48.0,,0.0,32.0,71.0,39.0,0.0,17.0,384.0,48.0,10.0,155.0,4.0,0.0,0.0,228.0,40.0,6.0,0.0,0.0,65.0,0.0,0.0,,11.0,0.0,193.0,4603.0,0.0,4.0,0.0,1.0,5.0,3965.0,0.0,1.0,95.0,1.0,0.0,0.0,5.0,7.0,3.0,0.0,0.0,0.0,0.0,0.0,0.0,65.0,73.0,255.0,239.0,2901.0,41.0,294.0,3.0,405.0,5974.0,4.0,194.0,9.0,11.0,56.0,0.0,0.0,20.0,26.0,0.0,25.0,26.0,,0.0,2.0,1.0,36.0,226.0,11.0,,159.0,-1.0,9.0,0.0,0.0,0.0,6.0,0.0,128.0,0.0,0.0,6.0,0.0,92.0,1.0,3.0,3.0,2.0,1159.0,0.0,60.0,2.0,0.0,0.0,22.0,2.0,264.0,15.0,0.0,118.0,112.0,0.0,4.0,55.0,0.0,249.0,902.0,0.0,28.0,105.0,32.0,160.0,270.0,6.0,0.0,0.0,0.0,0.0,0.0,,0.0,0.0,,96.0,11.0,131.0,1.0,,70.0,0.0,0.0,59.0,0.0,17.0,,8189.0,9.0,0.0,0.0,401.0,1097.0,4.0,,252.0,3197.0,0.0,3.0,8.0,51.0,1704.0,0.0,16.0,107.0,0.0,1.0,0.0,18093.0,36.0,29.0,7.0,10.0,,3.0,0.0,9.0
2020-03-30,0.0,11.0,45.0,29.0,0.0,0.0,0.0,55.0,58.0,0.0,279.0,522.0,26.0,0.0,16.0,1.0,2.0,58.0,683.0,0.0,0.0,5.0,1.0,0.0,,56.0,,487.0,0.0,6.0,15.0,76.0,,0.0,5.0,22.0,898.0,0.0,0.0,0.0,0.0,114.0,69.0,,0.0,32.0,56.0,0.0,0.0,35.0,166.0,25.0,13.0,194.0,7.0,0.0,0.0,12.0,33.0,5.0,7.0,0.0,39.0,0.0,5.0,,4.0,0.0,0.0,2497.0,0.0,1.0,0.0,0.0,8.0,4751.0,15.0,9.0,95.0,0.0,0.0,0.0,0.0,2.0,0.0,8.0,0.0,0.0,7.0,2.0,43.0,39.0,57.0,92.0,129.0,3186.0,0.0,200.0,10.0,382.0,5217.0,2.0,173.0,2.0,13.0,28.0,13.0,15.0,11.0,0.0,2.0,71.0,8.0,,0.0,5.0,1.0,90.0,119.0,7.0,,150.0,1.0,0.0,12.0,12.0,0.0,0.0,32.0,131.0,-60.0,0.0,14.0,0.0,66.0,0.0,2.0,0.0,0.0,1104.0,0.0,76.0,0.0,10.0,0.0,18.0,0.0,257.0,12.0,0.0,99.0,115.0,0.0,3.0,36.0,471.0,224.0,792.0,0.0,44.0,78.0,32.0,308.0,0.0,10.0,64.0,0.0,0.0,1.0,0.0,,0.0,1.0,,154.0,12.0,82.0,0.0,,42.0,0.0,41.0,39.0,0.0,93.0,,6549.0,5.0,1.0,0.0,253.0,734.0,0.0,,136.0,2822.0,0.0,0.0,2.0,34.0,1869.0,2.0,3.0,62.0,143.0,5.0,5.0,19332.0,29.0,12.0,0.0,15.0,,19.0,0.0,9.0
2020-04-02,43.0,34.0,263.0,0.0,1.0,0.0,0.0,88.0,39.0,0.0,116.0,529.0,61.0,1.0,66.0,2.0,0.0,0.0,1503.0,0.0,4.0,5.0,1.0,8.0,,51.0,0.0,1138.0,0.0,2.0,23.0,0.0,0.0,0.0,0.0,0.0,1310.0,2.0,2.0,0.0,293.0,86.0,108.0,,0.0,33.0,96.0,26.0,0.0,58.0,281.0,21.0,14.0,247.0,7.0,0.0,175.0,132.0,69.0,2.0,1.0,9.0,34.0,0.0,0.0,,4.0,0.0,62.0,4784.0,5.0,0.0,0.0,0.0,6.0,6156.0,34.0,0.0,61.0,0.0,0.0,11.0,8.0,3.0,18.0,14.0,0.0,7.0,1.0,0.0,33.0,60.0,85.0,329.0,113.0,2875.0,78.0,212.0,13.0,462.0,4782.0,2.0,206.0,18.0,4.0,38.0,22.0,0.0,25.0,4.0,1.0,48.0,15.0,,0.0,0.0,4.0,48.0,141.0,6.0,,142.0,1.0,10.0,21.0,9.0,0.0,11.0,15.0,121.0,0.0,0.0,20.0,0.0,38.0,2.0,1.0,2.0,0.0,1019.0,1.0,76.0,1.0,54.0,35.0,25.0,0.0,218.0,21.0,0.0,252.0,192.0,0.0,4.0,258.0,0.0,243.0,808.0,47.0,54.0,89.0,70.0,215.0,440.0,7.0,34.0,0.0,0.0,4.0,3.0,,0.0,0.0,,165.0,15.0,160.0,2.0,1.0,74.0,0.0,37.0,27.0,0.0,27.0,,7719.0,5.0,0.0,0.0,512.0,1043.0,0.0,,104.0,4514.0,0.0,2.0,4.0,61.0,2148.0,0.0,11.0,135.0,150.0,0.0,0.0,24103.0,18.0,17.0,14.0,10.0,,1.0,0.0,21.0
2020-04-03,34.0,0.0,139.0,33.0,0.0,0.0,0.0,79.0,69.0,5.0,374.0,418.0,41.0,6.0,37.0,5.0,12.0,62.0,1460.0,0.0,0.0,0.0,0.0,8.0,,57.0,1.0,1119.0,0.0,2.0,35.0,0.0,1.0,0.0,1.0,107.0,1109.0,8.0,0.0,0.0,373.0,78.0,159.0,,19.0,28.0,48.0,21.0,0.0,36.0,269.0,0.0,11.0,279.0,9.0,0.0,96.0,791.0,86.0,9.0,0.0,5.0,79.0,0.0,5.0,,4.0,2.0,72.0,2066.0,4.0,0.0,11.0,1.0,27.0,6174.0,9.0,12.0,139.0,0.0,1.0,3.0,5.0,8.0,13.0,22.0,0.0,0.0,0.0,1.0,47.0,38.0,99.0,336.0,196.0,2715.0,48.0,402.0,6.0,620.0,4668.0,6.0,233.0,0.0,21.0,49.0,29.0,1.0,75.0,15.0,0.0,12.0,14.0,,0.0,1.0,3.0,68.0,168.0,6.0,3.0,208.0,0.0,0.0,7.0,3.0,0.0,15.0,12.0,163.0,0.0,0.0,37.0,0.0,59.0,0.0,4.0,0.0,1.0,1083.0,1.0,51.0,0.0,24.0,16.0,30.0,2.0,270.0,21.0,0.0,159.0,136.0,0.0,8.0,0.0,322.0,392.0,783.0,30.0,240.0,86.0,168.0,278.0,771.0,2.0,27.0,0.0,0.0,0.0,1.0,,-3.0,9.0,,154.0,5.0,111.0,0.0,0.0,49.0,12.0,26.0,56.0,0.0,82.0,,8102.0,3.0,3.0,0.0,519.0,959.0,6.0,,103.0,4913.0,0.0,3.0,1.0,40.0,2456.0,0.0,1.0,183.0,210.0,0.0,3.0,26298.0,12.0,31.0,1.0,11.0,,3.0,1.0,16.0
2020-04-05,29.0,0.0,80.0,24.0,0.0,0.0,0.0,88.0,10.0,2.0,181.0,241.0,69.0,0.0,10.0,18.0,6.0,186.0,925.0,1.0,0.0,0.0,0.0,7.0,0.0,46.0,0.0,1146.0,0.0,1.0,18.0,0.0,0.0,0.0,0.0,46.0,1206.0,0.0,1.0,0.0,424.0,55.0,106.0,,4.0,20.0,47.0,19.0,0.0,30.0,282.0,27.0,0.0,320.0,8.0,0.0,0.0,302.0,85.0,10.0,1.0,0.0,57.0,0.0,3.0,1.0,2.0,5.0,267.0,4221.0,5.0,1.0,0.0,0.0,13.0,5936.0,0.0,3.0,60.0,0.0,2.0,0.0,9.0,0.0,22.0,59.0,3.0,4.0,0.0,0.0,42.0,55.0,53.0,472.0,181.0,2483.0,83.0,331.0,12.0,559.0,4805.0,6.0,336.0,5.0,13.0,71.0,0.0,8.0,77.0,3.0,0.0,16.0,7.0,,3.0,1.0,1.0,0.0,117.0,0.0,0.0,150.0,0.0,3.0,11.0,7.0,0.0,10.0,19.0,178.0,0.0,0.0,20.0,1.0,102.0,0.0,1.0,1.0,3.0,904.0,0.0,48.0,0.0,24.0,0.0,53.0,0.0,302.0,21.0,0.0,609.0,198.0,0.0,4.0,181.0,76.0,244.0,638.0,74.0,250.0,81.0,161.0,430.0,582.0,13.0,13.0,0.0,1.0,0.0,2.0,,0.0,7.0,,206.0,0.0,148.0,0.0,2.0,75.0,0.0,21.0,43.0,0.0,80.0,,7026.0,7.0,2.0,0.0,365.0,656.0,3.0,,102.0,4911.0,0.0,1.0,3.0,58.0,3013.0,0.0,0.0,155.0,0.0,0.0,3.0,32105.0,17.0,57.0,0.0,1.0,,0.0,0.0,12.0
2020-04-06,38.0,44.0,0.0,57.0,4.0,0.0,0.0,98.0,0.0,0.0,160.0,217.0,72.0,4.0,25.0,35.0,0.0,122.0,665.0,1.0,9.0,2.0,0.0,18.0,0.0,30.0,0.0,1222.0,0.0,0.0,28.0,43.0,0.0,0.0,0.0,0.0,966.0,7.0,0.0,2.0,310.0,75.0,139.0,,0.0,19.0,56.0,32.0,0.0,20.0,115.0,16.0,13.0,292.0,31.0,0.0,0.0,0.0,103.0,6.0,0.0,9.0,79.0,0.0,5.0,1.0,0.0,2.0,45.0,1850.0,4.0,1.0,0.0,0.0,18.0,3677.0,9.0,5.0,62.0,1.0,0.0,4.0,19.0,11.0,18.0,0.0,0.0,1.0,3.0,0.0,4.0,11.0,69.0,693.0,218.0,2274.0,70.0,507.0,1.0,429.0,4316.0,2.0,383.0,32.0,22.0,73.0,20.0,5.0,109.0,69.0,1.0,24.0,14.0,,3.0,0.0,1.0,40.0,75.0,7.0,1.0,179.0,0.0,0.0,21.0,0.0,0.0,31.0,0.0,202.0,0.0,1.0,16.0,0.0,153.0,0.0,0.0,2.0,0.0,1224.0,0.0,39.0,0.0,40.0,24.0,72.0,0.0,130.0,33.0,0.0,365.0,128.0,0.0,8.0,151.0,152.0,475.0,754.0,0.0,279.0,47.0,112.0,251.0,658.0,0.0,10.0,0.0,0.0,1.0,5.0,,0.0,7.0,4.0,138.0,7.0,284.0,0.0,2.0,120.0,0.0,14.0,20.0,0.0,70.0,1.0,6023.0,10.0,0.0,0.0,387.0,541.0,0.0,,51.0,4020.0,0.0,4.0,3.0,21.0,3135.0,0.0,0.0,68.0,571.0,2.0,2.0,33510.0,14.0,92.0,0.0,1.0,,0.0,0.0,36.0
2020-04-08,56.0,23.0,45.0,11.0,1.0,0.0,0.0,74.0,44.0,7.0,112.0,343.0,76.0,4.0,10.0,54.0,4.0,161.0,1499.0,0.0,3.0,2.0,0.0,11.0,0.0,86.0,0.0,926.0,0.0,0.0,28.0,39.0,0.0,0.0,2.0,0.0,1243.0,0.0,0.0,1.0,301.0,90.0,94.0,,4.0,13.0,60.0,46.0,0.0,29.0,195.0,26.0,22.0,390.0,14.0,1.0,128.0,0.0,128.0,9.0,0.0,2.0,41.0,1.0,8.0,0.0,3.0,0.0,132.0,3738.0,4.0,5.0,3.0,0.0,13.0,4003.0,73.0,10.0,77.0,0.0,0.0,4.0,11.0,7.0,12.0,33.0,0.0,2.0,1.0,0.0,7.0,78.0,24.0,853.0,218.0,1997.0,91.0,345.0,23.0,793.0,3039.0,1.0,351.0,15.0,4.0,39.0,30.0,19.0,112.0,42.0,2.0,6.0,27.0,,0.0,2.0,0.0,37.0,127.0,7.0,4.0,170.0,0.0,8.0,52.0,2.0,0.0,24.0,20.0,296.0,0.0,1.0,4.0,0.0,101.0,0.0,0.0,0.0,0.0,777.0,0.0,26.0,0.0,25.0,22.0,29.0,3.0,108.0,48.0,0.0,178.0,112.0,0.0,2.0,280.0,210.0,435.0,712.0,60.0,378.0,53.0,91.0,360.0,1154.0,1.0,9.0,0.0,0.0,0.0,0.0,1.0,0.0,2.0,0.0,137.0,11.0,247.0,0.0,0.0,106.0,3.0,64.0,34.0,1.0,63.0,0.0,5478.0,6.0,0.0,0.0,487.0,811.0,0.0,,111.0,5282.0,0.0,14.0,1.0,27.0,3892.0,3.0,0.0,206.0,583.0,0.0,0.0,29510.0,9.0,62.0,6.0,6.0,,0.0,2.0,9.0
2020-04-09,61.0,9.0,104.0,15.0,2.0,0.0,4.0,87.0,44.0,3.0,96.0,329.0,105.0,3.0,34.0,112.0,3.0,205.0,1588.0,1.0,0.0,0.0,0.0,16.0,0.0,35.0,0.0,1661.0,0.0,0.0,16.0,0.0,0.0,0.0,0.0,175.0,1384.0,6.0,1.0,0.0,430.0,88.0,201.0,,11.0,16.0,61.0,61.0,1.0,32.0,295.0,35.0,24.0,331.0,5.0,0.0,0.0,703.0,110.0,15.0,0.0,2.0,36.0,2.0,3.0,3.0,0.0,0.0,179.0,3869.0,5.0,4.0,0.0,0.0,6.0,4974.0,26.0,0.0,52.0,0.0,0.0,0.0,1.0,10.0,0.0,20.0,0.0,2.0,2.0,1.0,7.0,85.0,30.0,591.0,337.0,1634.0,80.0,515.0,0.0,0.0,3836.0,4.0,511.0,0.0,5.0,18.0,7.0,40.0,55.0,10.0,1.0,29.0,7.0,,17.0,0.0,1.0,32.0,64.0,1.0,0.0,156.0,0.0,9.0,6.0,1.0,0.0,5.0,2.0,346.0,14.0,0.0,3.0,2.0,104.0,7.0,0.0,0.0,0.0,969.0,0.0,23.0,0.0,64.0,22.0,18.0,0.0,147.0,38.0,0.0,306.0,149.0,1.0,4.0,393.0,206.0,357.0,699.0,47.0,166.0,39.0,118.0,344.0,2634.0,5.0,4.0,0.0,1.0,0.0,0.0,0.0,1.0,29.0,0.0,355.0,7.0,219.0,0.0,1.0,142.0,0.0,84.0,36.0,4.0,96.0,0.0,6180.0,3.0,0.0,0.0,726.0,703.0,0.0,,54.0,5450.0,0.0,12.0,1.0,5.0,4117.0,0.0,1.0,224.0,0.0,1.0,2.0,31709.0,9.0,21.0,1.0,0.0,,0.0,0.0,0.0
2020-04-10,37.0,7.0,94.0,23.0,0.0,0.0,0.0,80.0,16.0,8.0,100.0,279.0,104.0,4.0,58.0,94.0,0.0,0.0,2228.0,1.0,4.0,0.0,0.0,54.0,0.0,59.0,7.0,2210.0,0.0,0.0,31.0,30.0,0.0,0.0,1.0,0.0,1326.0,0.0,0.0,1.0,426.0,56.0,274.0,,0.0,19.0,64.0,58.0,0.0,38.0,257.0,0.0,8.0,233.0,10.0,0.0,393.0,515.0,139.0,10.0,2.0,0.0,22.0,0.0,1.0,0.0,0.0,0.0,118.0,4256.0,6.0,0.0,20.0,0.0,16.0,5323.0,0.0,0.0,71.0,0.0,0.0,2.0,3.0,8.0,15.0,30.0,2.0,4.0,3.0,0.0,31.0,210.0,32.0,547.0,219.0,1972.0,77.0,1169.0,15.0,351.0,4204.0,0.0,579.0,0.0,14.0,75.0,5.0,3.0,83.0,18.0,1.0,12.0,27.0,,0.0,3.0,0.0,43.0,81.0,2.0,0.0,109.0,0.0,3.0,38.0,2.0,0.0,41.0,5.0,396.0,0.0,0.0,7.0,0.0,85.0,0.0,5.0,0.0,0.0,1213.0,0.0,23.0,0.0,68.0,12.0,46.0,0.0,150.0,27.0,0.0,206.0,279.0,0.0,5.0,1388.0,0.0,370.0,815.0,63.0,136.0,27.0,115.0,441.0,1786.0,3.0,14.0,0.0,0.0,0.0,1.0,0.0,0.0,36.0,0.0,364.0,6.0,201.0,0.0,0.0,287.0,3.0,19.0,33.0,0.0,89.0,2.0,5756.0,1.0,1.0,0.0,722.0,562.0,0.0,,50.0,5131.0,0.0,3.0,2.0,15.0,4056.0,0.0,0.0,311.0,331.0,0.0,1.0,30859.0,22.0,69.0,0.0,4.0,1.0,0.0,0.0,3.0
2020-04-12,34.0,30.0,64.0,20.0,0.0,0.0,2.0,46.0,76.0,6.0,24.0,247.0,67.0,1.0,71.0,139.0,1.0,245.0,1024.0,0.0,5.0,0.0,0.0,7.0,0.0,47.0,0.0,1781.0,0.0,0.0,26.0,0.0,0.0,0.0,2.0,0.0,1318.0,0.0,0.0,0.0,426.0,102.0,250.0,,0.0,19.0,39.0,56.0,0.0,21.0,170.0,53.0,8.0,177.0,28.0,0.0,271.0,96.0,145.0,1.0,0.0,0.0,46.0,0.0,4.0,0.0,0.0,0.0,136.0,3104.0,2.0,0.0,5.0,5.0,19.0,2821.0,30.0,0.0,70.0,0.0,1.0,0.0,3.0,11.0,9.0,56.0,3.0,0.0,1.0,0.0,10.0,100.0,14.0,909.0,399.0,1657.0,34.0,839.0,14.0,430.0,4694.0,2.0,743.0,15.0,9.0,38.0,2.0,33.0,80.0,38.0,2.0,18.0,11.0,,11.0,1.0,0.0,54.0,47.0,9.0,3.0,184.0,1.0,13.0,20.0,1.0,0.0,1.0,0.0,403.0,0.0,0.0,6.0,0.0,90.0,0.0,10.0,0.0,3.0,1316.0,0.0,14.0,0.0,53.0,13.0,117.0,0.0,76.0,53.0,0.0,213.0,222.0,0.0,4.0,641.0,220.0,401.0,515.0,63.0,251.0,32.0,122.0,523.0,2186.0,2.0,6.0,0.0,1.0,1.0,1.0,0.0,0.0,12.0,0.0,429.0,13.0,275.0,0.0,1.0,191.0,0.0,13.0,28.0,0.0,25.0,1.0,4830.0,2.0,0.0,0.0,466.0,331.0,0.0,,33.0,4313.0,0.0,0.0,0.0,14.0,5138.0,0.0,0.0,266.0,0.0,0.0,0.0,31606.0,12.0,172.0,0.0,1.0,0.0,0.0,2.0,0.0
2020-04-13,110.0,0.0,89.0,17.0,0.0,0.0,0.0,0.0,26.0,0.0,9.0,130.0,40.0,0.0,261.0,182.0,1.0,352.0,517.0,3.0,0.0,2.0,0.0,25.0,1.0,59.0,0.0,1089.0,0.0,0.0,14.0,0.0,2.0,0.0,0.0,0.0,1158.0,8.0,0.0,7.0,286.0,112.0,236.0,,10.0,19.0,66.0,49.0,0.0,17.0,89.0,0.0,12.0,178.0,83.0,0.0,347.0,209.0,126.0,7.0,0.0,1.0,5.0,2.0,2.0,0.0,0.0,0.0,69.0,1595.0,0.0,2.0,8.0,0.0,14.0,2537.0,158.0,16.0,33.0,0.0,0.0,0.0,0.0,16.0,9.0,0.0,1.0,0.0,0.0,0.0,1.0,48.0,12.0,796.0,316.0,1617.0,26.0,727.0,22.0,353.0,4092.0,4.0,507.0,0.0,8.0,82.0,6.0,79.0,66.0,42.0,1.0,21.0,2.0,,2.0,0.0,0.0,9.0,11.0,2.0,1.0,153.0,0.0,0.0,8.0,1.0,0.0,5.0,16.0,375.0,0.0,0.0,5.0,0.0,129.0,0.0,3.0,0.0,2.0,1174.0,0.0,15.0,2.0,38.0,5.0,0.0,0.0,95.0,128.0,0.0,313.0,260.0,0.0,1.0,951.0,284.0,318.0,598.0,109.0,252.0,25.0,102.0,310.0,2558.0,6.0,1.0,0.0,0.0,0.0,0.0,0.0,0.0,0.0,0.0,472.0,2.0,250.0,0.0,2.0,233.0,0.0,14.0,17.0,4.0,145.0,0.0,4167.0,11.0,0.0,0.0,332.0,260.0,0.0,,28.0,3579.0,2.0,3.0,3.0,22.0,4789.0,1.0,1.0,325.0,387.0,0.0,0.0,31633.0,7.0,100.0,0.0,4.0,0.0,3.0,1.0,5.0
2020-04-14,49.0,29.0,69.0,12.0,0.0,0.0,2.0,277.0,0.0,0.0,44.0,106.0,50.0,5.0,180.0,209.0,3.0,341.0,532.0,1.0,0.0,7.0,0.0,30.0,0.0,27.0,0.0,1442.0,0.0,0.0,10.0,54.0,0.0,3.0,0.0,0.0,1084.0,0.0,0.0,5.0,312.0,99.0,67.0,,4.0,18.0,50.0,57.0,0.0,29.0,68.0,93.0,6.0,144.0,65.0,0.0,200.0,63.0,125.0,12.0,3.0,0.0,23.0,0.0,3.0,0.0,0.0,0.0,90.0,2668.0,2.0,2.0,0.0,0.0,30.0,2082.0,0.0,0.0,31.0,0.0,0.0,0.0,0.0,3.0,9.0,69.0,0.0,10.0,9.0,0.0,4.0,54.0,10.0,1211.0,282.0,1574.0,22.0,992.0,2.0,357.0,3153.0,3.0,390.0,15.0,2.0,112.0,11.0,15.0,55.0,11.0,0.0,4.0,9.0,,1.0,1.0,0.0,8.0,11.0,0.0,3.0,134.0,0.0,29.0,6.0,1.0,0.0,0.0,0.0,442.0,14.0,14.0,10.0,2.0,92.0,1.0,21.0,0.0,2.0,964.0,0.0,8.0,0.0,19.0,20.0,26.0,0.0,73.0,86.0,0.0,341.0,166.0,0.0,13.0,671.0,291.0,260.0,349.0,6.0,197.0,27.0,50.0,333.0,2774.0,1.0,1.0,0.0,0.0,0.0,0.0,0.0,0.0,15.0,0.0,435.0,11.0,424.0,0.0,0.0,386.0,2.0,27.0,7.0,35.0,99.0,0.0,3477.0,8.0,10.0,0.0,465.0,517.0,0.0,,34.0,3489.0,2.0,0.0,1.0,19.0,4093.0,0.0,0.0,270.0,398.0,17.0,0.0,29308.0,11.0,158.0,10.0,3.0,0.0,2.0,3.0,14.0
2020-04-16,10.0,19.0,90.0,14.0,0.0,0.0,0.0,141.0,68.0,1.0,42.0,136.0,56.0,0.0,27.0,341.0,1.0,447.0,1628.0,0.0,0.0,0.0,0.0,43.0,0.0,30.0,0.0,1832.0,0.0,0.0,34.0,13.0,0.0,0.0,0.0,0.0,1394.0,0.0,0.0,4.0,356.0,50.0,127.0,,43.0,6.0,37.0,48.0,0.0,20.0,162.0,16.0,13.0,170.0,156.0,0.0,328.0,255.0,155.0,10.0,10.0,1.0,29.0,1.0,3.0,0.0,0.0,0.0,76.0,2622.0,7.0,0.0,7.0,0.0,30.0,2866.0,0.0,0.0,22.0,0.0,0.0,0.0,0.0,13.0,4.0,41.0,3.0,1.0,1.0,0.0,12.0,73.0,7.0,941.0,380.0,1606.0,19.0,1068.0,12.0,332.0,2667.0,32.0,482.0,0.0,4.0,20.0,9.0,10.0,119.0,17.0,0.0,9.0,5.0,,0.0,13.0,0.0,21.0,66.0,0.0,0.0,85.0,2.0,21.0,6.0,1.0,0.0,0.0,4.0,385.0,0.0,1.0,13.0,0.0,263.0,0.0,11.0,0.0,0.0,734.0,0.0,6.0,0.0,14.0,30.0,66.0,0.0,111.0,109.0,0.0,931.0,102.0,0.0,2.0,2784.0,437.0,380.0,643.0,51.0,392.0,22.0,115.0,337.0,3448.0,2.0,0.0,0.0,2.0,0.0,0.0,0.0,0.0,21.0,0.0,518.0,15.0,408.0,0.0,2.0,447.0,1.0,28.0,28.0,20.0,91.0,0.0,4040.0,5.0,0.0,0.0,482.0,342.0,4.0,,29.0,4326.0,12.0,0.0,1.0,33.0,4281.0,0.0,1.0,398.0,432.0,35.0,0.0,25802.0,9.0,135.0,12.0,0.0,0.0,3.0,5.0,3.0
2020-04-17,51.0,24.0,108.0,21.0,0.0,0.0,0.0,121.0,24.0,2.0,10.0,78.0,30.0,4.0,42.0,266.0,2.0,476.0,1669.0,0.0,2.0,24.0,0.0,44.0,0.0,53.0,2.0,3058.0,0.0,0.0,53.0,15.0,0.0,45.0,0.0,0.0,1344.0,6.0,1.0,0.0,534.0,352.0,126.0,,0.0,8.0,50.0,48.0,0.0,20.0,130.0,34.0,20.0,198.0,141.0,0.0,141.0,367.0,168.0,5.0,0.0,0.0,32.0,0.0,7.0,0.0,0.0,1.0,132.0,2623.0,1.0,0.0,8.0,0.0,34.0,3380.0,5.0,2.0,15.0,0.0,0.0,0.0,0.0,16.0,5.0,34.0,3.0,7.0,0.0,0.0,7.0,111.0,12.0,1007.0,407.0,1499.0,0.0,724.0,4.0,391.0,3786.0,20.0,585.0,2.0,1.0,185.0,9.0,52.0,134.0,23.0,0.0,9.0,5.0,,14.0,1.0,0.0,58.0,71.0,7.0,0.0,110.0,5.0,27.0,13.0,1.0,0.0,0.0,12.0,448.0,0.0,0.0,2.0,0.0,277.0,1.0,0.0,0.0,0.0,1061.0,0.0,2.0,0.0,25.0,0.0,107.0,0.0,114.0,50.0,0.0,106.0,177.0,5.0,13.0,1172.0,0.0,336.0,750.0,69.0,560.0,22.0,105.0,491.0,4070.0,2.0,4.0,0.0,0.0,0.0,0.0,0.0,0.0,33.0,0.0,762.0,21.0,445.0,0.0,2.0,728.0,4.0,114.0,20.0,0.0,99.0,0.0,4400.0,0.0,0.0,0.0,613.0,325.0,0.0,,28.0,5065.0,0.0,4.0,0.0,42.0,4801.0,1.0,0.0,500.0,460.0,6.0,0.0,28711.0,1.0,31.0,4.0,1.0,0.0,0.0,0.0,13.0
2020-04-19,88.0,0.0,116.0,1.0,0.0,0.0,0.0,90.0,47.0,0.0,73.0,59.0,33.0,0.0,106.0,312.0,0.0,0.0,719.0,0.0,0.0,0.0,0.0,28.0,0.0,58.0,0.0,3257.0,0.0,1.0,32.0,0.0,0.0,0.0,0.0,0.0,1741.0,0.0,0.0,0.0,478.0,43.0,206.0,,0.0,7.0,18.0,63.0,0.0,26.0,105.0,0.0,40.0,169.0,0.0,0.0,209.0,572.0,188.0,13.0,28.0,4.0,53.0,3.0,9.0,0.0,0.0,0.0,192.0,2558.0,0.0,0.0,13.0,0.0,9.0,2458.0,193.0,0.0,0.0,0.0,0.0,0.0,0.0,21.0,2.0,39.0,0.0,6.0,1.0,0.0,15.0,82.0,6.0,1334.0,327.0,1343.0,31.0,778.0,2.0,252.0,3491.0,20.0,566.0,11.0,6.0,81.0,16.0,30.0,164.0,48.0,0.0,30.0,1.0,,5.0,0.0,1.0,59.0,57.0,3.0,0.0,54.0,17.0,26.0,4.0,4.0,0.0,1.0,0.0,578.0,0.0,1.0,3.0,0.0,150.0,0.0,13.0,0.0,1.0,1140.0,0.0,4.0,0.0,12.0,0.0,53.0,0.0,193.0,86.0,0.0,355.0,194.0,0.0,3.0,0.0,209.0,363.0,663.0,50.0,440.0,8.0,87.0,351.0,6060.0,6.0,5.0,0.0,0.0,0.0,2.0,0.0,0.0,29.0,0.0,1088.0,8.0,304.0,0.0,4.0,942.0,0.0,40.0,13.0,19.0,251.0,0.0,2213.0,10.0,0.0,0.0,606.0,200.0,0.0,,32.0,4956.0,1.0,0.0,0.0,2.0,3783.0,0.0,0.0,343.0,479.0,0.0,2.0,30023.0,6.0,45.0,0.0,0.0,0.0,5.0,1.0,9.0
2020-04-20,0.0,14.0,95.0,13.0,0.0,0.0,0.0,55.0,43.0,1.0,6.0,48.0,25.0,4.0,22.0,492.0,0.0,0.0,443.0,0.0,0.0,3.0,0.0,27.0,0.0,18.0,5.0,2917.0,1.0,1.0,37.0,18.0,1.0,0.0,0.0,0.0,1509.0,0.0,0.0,0.0,358.0,16.0,182.0,,0.0,6.0,39.0,49.0,0.0,6.0,133.0,105.0,5.0,142.0,114.0,0.0,345.0,446.0,112.0,11.0,0.0,0.0,16.0,0.0,3.0,0.0,1.0,0.0,102.0,742.0,0.0,0.0,1.0,0.0,5.0,1775.0,208.0,0.0,28.0,0.0,0.0,3.0,0.0,22.0,3.0,0.0,0.0,0.0,0.0,0.0,15.0,68.0,11.0,1553.0,185.0,1294.0,61.0,493.0,6.0,255.0,3047.0,10.0,390.0,11.0,4.0,141.0,8.0,25.0,80.0,14.0,0.0,15.0,4.0,,10.0,2.0,0.0,28.0,13.0,1.0,0.0,84.0,9.0,8.0,1.0,0.0,0.0,3.0,39.0,622.0,0.0,1.0,2.0,0.0,170.0,4.0,4.0,0.0,0.0,1066.0,0.0,7.0,0.0,9.0,168.0,37.0,0.0,84.0,144.0,0.0,425.0,63.0,0.0,4.0,931.0,172.0,545.0,521.0,95.0,567.0,13.0,121.0,328.0,0.0,3.0,1.0,0.0,0.0,0.0,0.0,0.0,0.0,6.0,0.0,1122.0,17.0,324.0,0.0,5.0,596.0,7.0,72.0,13.0,29.0,124.0,0.0,2585.0,17.0,26.0,0.0,563.0,118.0,1.0,,27.0,4721.0,3.0,0.0,0.0,13.0,3977.0,0.0,0.0,261.0,484.0,23.0,0.0,28252.0,9.0,70.0,24.0,0.0,0.0,4.0,0.0,7.0
2020-04-23,0.0,0.0,99.0,1.0,0.0,0.0,1.0,124.0,96.0,3.0,14.0,91.0,38.0,1.0,91.0,414.0,0.0,558.0,777.0,0.0,0.0,12.0,1.0,11.0,0.0,27.0,2.0,2498.0,0.0,0.0,49.0,19.0,0.0,0.0,0.0,0.0,1549.0,0.0,0.0,0.0,464.0,15.0,172.0,,21.0,7.0,42.0,52.0,0.0,6.0,95.0,36.0,0.0,217.0,12.0,0.0,256.0,452.0,169.0,12.0,5.0,0.0,7.0,7.0,2.0,1.0,0.0,0.0,115.0,1810.0,0.0,0.0,10.0,0.0,9.0,2352.0,112.0,0.0,7.0,0.0,0.0,0.0,2.0,22.0,2.0,73.0,0.0,1.0,1.0,0.0,16.0,116.0,7.0,1409.0,357.0,1030.0,75.0,631.0,0.0,556.0,3370.0,10.0,423.0,5.0,7.0,30.0,7.0,26.0,151.0,19.0,0.0,13.0,6.0,,0.0,1.0,0.0,28.0,36.0,0.0,5.0,50.0,9.0,35.0,1.0,1.0,0.0,1.0,15.0,729.0,0.0,0.0,3.0,0.0,160.0,2.0,6.0,0.0,3.0,708.0,0.0,0.0,0.0,5.0,0.0,28.0,0.0,84.0,102.0,0.0,1066.0,163.0,1.0,5.0,1512.0,111.0,313.0,603.0,0.0,623.0,8.0,137.0,468.0,4774.0,3.0,0.0,0.0,0.0,0.0,1.0,0.0,1.0,12.0,3.0,1158.0,30.0,224.0,0.0,11.0,1016.0,3.0,45.0,13.0,42.0,170.0,0.0,3052.0,20.0,22.0,0.0,682.0,190.0,0.0,,13.0,4760.0,0.0,2.0,1.0,8.0,3083.0,0.0,5.0,578.0,518.0,30.0,0.0,24019.0,8.0,59.0,3.0,0.0,0.0,4.0,0.0,1.0
2020-04-24,50.0,44.0,97.0,2.0,1.0,0.0,0.0,143.0,50.0,0.0,6.0,61.0,30.0,5.0,408.0,503.0,1.0,741.0,970.0,0.0,4.0,1.0,0.0,63.0,0.0,46.0,0.0,2678.0,1.0,0.0,73.0,0.0,0.0,0.0,0.0,238.0,1890.0,0.0,2.0,0.0,516.0,9.0,207.0,,0.0,12.0,31.0,46.0,0.0,5.0,52.0,52.0,35.0,161.0,13.0,0.0,243.0,333.0,433.0,13.0,0.0,0.0,33.0,0.0,0.0,0.0,2.0,0.0,155.0,1622.0,10.0,0.0,0.0,0.0,11.0,2337.0,0.0,0.0,55.0,0.0,1.0,0.0,1.0,26.0,2.0,101.0,2.0,0.0,4.0,0.0,9.0,99.0,4.0,1684.0,436.0,1168.0,0.0,936.0,0.0,305.0,2646.0,10.0,469.0,0.0,2.0,0.0,17.0,39.0,215.0,25.0,0.0,17.0,8.0,,0.0,0.0,0.0,12.0,11.0,0.0,10.0,71.0,22.0,16.0,1.0,6.0,0.0,2.0,13.0,1043.0,0.0,1.0,0.0,0.0,155.0,0.0,12.0,0.0,3.0,887.0,0.0,2.0,0.0,9.0,440.0,41.0,0.0,95.0,74.0,0.0,340.0,171.0,0.0,0.0,1413.0,271.0,342.0,371.0,0.0,761.0,6.0,148.0,386.0,5849.0,1.0,1.0,0.0,0.0,0.0,0.0,0.0,0.0,13.0,1.0,1172.0,37.0,162.0,0.0,3.0,1037.0,2.0,81.0,13.0,0.0,318.0,0.0,2767.0,38.0,12.0,0.0,751.0,204.0,0.0,,15.0,5487.0,1.0,0.0,0.0,9.0,3116.0,0.0,2.0,477.0,525.0,0.0,0.0,29127.0,6.0,62.0,10.0,0.0,0.0,2.0,0.0,4.0
2020-04-26,0.0,34.0,129.0,5.0,0.0,0.0,0.0,222.0,150.0,0.0,16.0,66.0,25.0,0.0,45.0,418.0,1.0,817.0,388.0,0.0,0.0,0.0,0.0,104.0,0.0,57.0,0.0,3503.0,1.0,0.0,59.0,13.0,0.0,2.0,0.0,115.0,1614.0,4.0,0.0,6.0,552.0,14.0,320.0,,0.0,1.0,7.0,52.0,0.0,6.0,79.0,34.0,26.0,235.0,15.0,0.0,177.0,0.0,227.0,13.0,46.0,0.0,30.0,16.0,5.0,1.0,0.0,0.0,80.0,1537.0,0.0,0.0,4.0,0.0,29.0,1737.0,0.0,3.0,16.0,0.0,0.0,0.0,1.0,46.0,0.0,42.0,0.0,3.0,0.0,0.0,29.0,57.0,1.0,1990.0,275.0,1153.0,55.0,377.0,0.0,370.0,2357.0,31.0,353.0,2.0,3.0,185.0,7.0,28.0,183.0,17.0,0.0,20.0,3.0,,3.0,0.0,1.0,16.0,16.0,2.0,0.0,51.0,51.0,45.0,1.0,0.0,0.0,0.0,0.0,1239.0,0.0,1.0,0.0,0.0,158.0,5.0,2.0,0.0,2.0,655.0,0.0,4.0,0.0,3.0,87.0,41.0,0.0,59.0,93.0,0.0,970.0,172.0,0.0,3.0,734.0,102.0,381.0,595.0,0.0,929.0,10.0,194.0,218.0,5966.0,7.0,0.0,0.0,0.0,0.0,0.0,0.0,0.0,0.0,0.0,1223.0,69.0,296.0,0.0,4.0,618.0,0.0,13.0,15.0,46.0,141.0,0.0,1346.0,40.0,24.0,0.0,610.0,99.0,0.0,,15.0,4970.0,0.0,6.0,0.0,17.0,2861.0,0.0,0.0,492.0,1068.0,0.0,1.0,38509.0,6.0,29.0,0.0,0.0,0.0,0.0,2.0,0.0
2020-04-27,240.0,14.0,126.0,2.0,1.0,0.0,0.0,137.0,62.0,0.0,10.0,55.0,28.0,6.0,75.0,497.0,2.0,873.0,205.0,0.0,6.0,10.0,0.0,59.0,0.0,31.0,0.0,5514.0,0.0,0.0,53.0,3.0,3.0,16.0,0.0,103.0,1425.0,0.0,0.0,0.0,473.0,3.0,261.0,,0.0,6.0,14.0,32.0,0.0,7.0,52.0,39.0,17.0,130.0,12.0,0.0,209.0,0.0,463.0,24.0,0.0,0.0,8.0,3.0,1.0,0.0,0.0,0.0,101.0,404.0,0.0,0.0,0.0,0.0,11.0,1018.0,271.0,5.0,0.0,0.0,3.0,0.0,1.0,43.0,0.0,98.0,1.0,1.0,0.0,0.0,36.0,83.0,2.0,1396.0,214.0,991.0,57.0,701.0,0.0,0.0,2324.0,17.0,203.0,2.0,2.0,190.0,12.0,32.0,213.0,13.0,0.0,8.0,3.0,,4.0,0.0,0.0,12.0,12.0,4.0,1.0,38.0,26.0,19.0,0.0,5.0,0.0,1.0,47.0,970.0,0.0,1.0,0.0,0.0,68.0,6.0,0.0,0.0,1.0,655.0,0.0,1.0,2.0,12.0,91.0,19.0,0.0,38.0,51.0,0.0,718.0,200.0,0.0,5.0,3683.0,285.0,344.0,472.0,95.0,957.0,10.0,104.0,401.0,12559.0,8.0,5.0,0.0,0.0,0.0,0.0,0.0,0.0,25.0,0.0,1289.0,57.0,263.0,0.0,7.0,931.0,1.0,6.0,19.0,44.0,185.0,1.0,1729.0,63.0,38.0,0.0,463.0,102.0,1.0,,9.0,3748.0,0.0,2.0,0.0,10.0,2357.0,0.0,0.0,392.0,0.0,0.0,0.0,32417.0,33.0,22.0,5.0,0.0,0.0,4.0,0.0,0.0
2020-04-30,344.0,7.0,199.0,2.0,0.0,0.0,0.0,182.0,134.0,0.0,8.0,50.0,49.0,0.0,168.0,564.0,0.0,973.0,517.0,0.0,5.0,1.0,0.0,39.0,0.0,101.0,0.0,5385.0,0.0,0.0,48.0,0.0,0.0,0.0,0.0,101.0,1349.0,3.0,0.0,0.0,520.0,4.0,352.0,,13.0,8.0,15.0,30.0,0.0,6.0,75.0,55.0,9.0,157.0,12.0,0.0,236.0,417.0,269.0,32.0,0.0,0.0,6.0,20.0,4.0,0.0,0.0,0.0,166.0,1602.0,1.0,0.0,38.0,1.0,22.0,1478.0,0.0,0.0,42.0,0.0,1.0,2.0,0.0,27.0,0.0,111.0,4.0,1.0,0.0,0.0,36.0,48.0,2.0,1718.0,347.0,983.0,75.0,376.0,1.0,0.0,2086.0,17.0,236.0,1.0,4.0,255.0,10.0,9.0,284.0,17.0,0.0,13.0,4.0,,0.0,0.0,0.0,31.0,28.0,0.0,0.0,94.0,140.0,58.0,13.0,0.0,0.0,0.0,0.0,1223.0,0.0,0.0,0.0,0.0,70.0,0.0,0.0,0.0,0.0,386.0,0.0,3.0,0.0,4.0,195.0,21.0,0.0,62.0,74.0,0.0,828.0,179.0,0.0,9.0,2491.0,254.0,422.0,183.0,33.0,845.0,4.0,133.0,362.0,7099.0,13.0,3.0,0.0,0.0,2.0,0.0,0.0,1.0,10.0,0.0,1351.0,59.0,227.0,0.0,12.0,690.0,0.0,7.0,10.0,19.0,354.0,0.0,2144.0,30.0,0.0,0.0,681.0,141.0,0.0,,7.0,4729.0,0.0,10.0,0.0,5.0,2936.0,0.0,0.0,540.0,1101.0,180.0,3.0,20517.0,5.0,76.0,0.0,0.0,0.0,2.0,0.0,1.0
2020-05-01,0.0,0.0,158.0,2.0,0.0,0.0,0.0,103.0,82.0,0.0,16.0,60.0,38.0,0.0,132.0,571.0,0.0,846.0,588.0,0.0,15.0,0.0,0.0,57.0,0.0,93.0,0.0,6276.0,0.0,0.0,59.0,7.0,0.0,8.0,0.0,26.0,1693.0,0.0,14.0,21.0,1138.0,12.0,262.0,1.0,0.0,8.0,14.0,34.0,0.0,7.0,103.0,37.0,72.0,150.0,8.0,0.0,320.0,259.0,358.0,18.0,0.0,0.0,23.0,9.0,1.0,0.0,0.0,0.0,89.0,1055.0,1.0,0.0,0.0,1.0,27.0,1639.0,403.0,0.0,15.0,0.0,1.0,1.0,1.0,28.0,4.0,144.0,124.0,3.0,0.0,1.0,33.0,88.0,0.0,1993.0,433.0,1006.0,82.0,359.0,2.0,222.0,1872.0,15.0,193.0,6.0,0.0,218.0,12.0,0.0,353.0,10.0,0.0,9.0,4.0,,0.0,2.0,0.0,10.0,15.0,4.0,1.0,57.0,72.0,8.0,2.0,3.0,1.0,0.0,79.0,1047.0,0.0,0.0,0.0,0.0,170.0,0.0,1.0,0.0,2.0,514.0,0.0,3.0,1.0,6.0,400.0,23.0,0.0,43.0,99.0,0.0,1494.0,178.0,0.0,10.0,2741.0,276.0,237.0,551.0,106.0,687.0,9.0,126.0,262.0,7933.0,18.0,0.0,0.0,0.0,0.0,0.0,0.0,0.0,6.0,5.0,1344.0,51.0,285.0,0.0,8.0,528.0,1.0,5.0,11.0,0.0,297.0,1.0,518.0,16.0,67.0,0.0,790.0,112.0,0.0,15.0,6.0,5446.0,0.0,7.0,0.0,14.0,2615.0,0.0,2.0,455.0,557.0,0.0,4.0,31379.0,5.0,15.0,2.0,0.0,0.0,9.0,0.0,9.0
2020-05-03,0.0,6.0,141.0,1.0,6.0,0.0,0.0,56.0,113.0,0.0,16.0,12.0,40.0,1.0,83.0,665.0,0.0,911.0,284.0,0.0,0.0,0.0,0.0,62.0,0.0,0.0,0.0,6209.0,0.0,0.0,6.0,3.0,4.0,31.0,0.0,8.0,1915.0,1.0,8.0,44.0,1427.0,2.0,499.0,2.0,0.0,6.0,3.0,74.0,0.0,7.0,18.0,87.0,70.0,96.0,0.0,0.0,290.0,1128.0,298.0,22.0,0.0,0.0,5.0,2.0,0.0,0.0,0.0,0.0,128.0,736.0,0.0,0.0,27.0,5.0,7.0,793.0,95.0,0.0,29.0,0.0,0.0,0.0,1.0,45.0,1.0,49.0,3.0,0.0,4.0,0.0,95.0,56.0,0.0,2644.0,349.0,976.0,66.0,343.0,4.0,0.0,1900.0,10.0,294.0,0.0,2.0,92.0,24.0,10.0,364.0,26.0,0.0,1.0,4.0,,2.0,0.0,0.0,7.0,10.0,14.0,1.0,105.0,28.0,36.0,0.0,1.0,0.0,0.0,57.0,1515.0,0.0,1.0,1.0,0.0,193.0,0.0,0.0,0.0,10.0,445.0,0.0,2.0,0.0,8.0,218.0,12.0,0.0,0.0,85.0,0.0,1314.0,188.0,0.0,67.0,3483.0,156.0,270.0,-161.0,182.0,679.0,13.0,72.0,165.0,10633.0,6.0,0.0,0.0,0.0,0.0,0.0,0.0,0.0,0.0,7.0,1552.0,89.0,157.0,0.0,19.0,447.0,0.0,4.0,5.0,51.0,385.0,0.0,1366.0,15.0,59.0,0.0,562.0,66.0,0.0,44.0,3.0,4737.0,0.0,0.0,0.0,11.0,1983.0,0.0,2.0,502.0,1125.0,0.0,0.0,26753.0,5.0,33.0,12.0,0.0,3.0,10.0,0.0,0.0
2020-05-04,0.0,8.0,179.0,2.0,0.0,0.0,1.0,149.0,121.0,0.0,18.0,68.0,38.0,0.0,108.0,688.0,0.0,1661.0,141.0,0.0,0.0,1.0,0.0,241.0,0.0,17.0,0.0,4970.0,0.0,0.0,24.0,10.0,0.0,13.0,0.0,0.0,3793.0,0.0,0.0,0.0,1228.0,8.0,279.0,0.0,0.0,8.0,8.0,38.0,0.0,8.0,26.0,36.0,8.0,116.0,0.0,0.0,376.0,2074.0,272.0,44.0,0.0,0.0,1.0,4.0,2.0,0.0,0.0,0.0,75.0,250.0,0.0,0.0,0.0,0.0,4.0,679.0,0.0,0.0,6.0,0.0,1.0,0.0,2.0,44.0,0.0,64.0,32.0,0.0,0.0,0.0,111.0,37.0,1.0,2553.0,395.0,1223.0,77.0,330.0,5.0,0.0,1389.0,31.0,218.0,1.0,4.0,111.0,31.0,28.0,295.0,35.0,0.0,8.0,3.0,,4.0,0.0,0.0,4.0,12.0,2.0,1.0,122.0,8.0,19.0,10.0,1.0,0.0,0.0,54.0,1349.0,27.0,1.0,1.0,0.0,120.0,1.0,4.0,0.0,6.0,335.0,0.0,1.0,0.0,14.0,0.0,5.0,0.0,50.0,69.0,0.0,800.0,370.0,0.0,37.0,2075.0,295.0,318.0,92.0,51.0,640.0,8.0,69.0,431.0,10581.0,4.0,3.0,0.0,0.0,0.0,0.0,0.0,0.0,2.0,0.0,1645.0,158.0,102.0,0.0,2.0,657.0,0.0,1.0,0.0,34.0,447.0,1.0,884.0,13.0,86.0,0.0,235.0,33.0,0.0,52.0,18.0,3229.0,0.0,1.0,0.0,4.0,1670.0,0.0,3.0,418.0,0.0,0.0,0.0,31839.0,4.0,33.0,0.0,1.0,0.0,5.0,0.0,171.0
2020-05-15,714.0,18.0,189.0,0.0,3.0,0.0,0.0,410.0,208.0,0.0,14.0,41.0,121.0,1.0,349.0,1202.0,0.0,932.0,304.0,0.0,12.0,0.0,5.0,184.0,0.0,35.0,0.0,11385.0,0.0,0.0,31.0,0.0,0.0,26.0,0.0,154.0,1050.0,1.0,34.0,27.0,2659.0,5.0,658.0,0.0,50.0,11.0,8.0,20.0,0.0,2.0,82.0,59.0,56.0,46.0,41.0,0.0,124.0,16.0,0.0,75.0,11.0,0.0,7.0,0.0,9.0,0.0,0.0,0.0,91.0,543.0,11.0,0.0,100.0,0.0,19.0,913.0,122.0,0.0,10.0,0.0,0.0,0.0,1.0,143.0,0.0,101.0,77.0,0.0,15.0,0.0,175.0,37.0,0.0,3967.0,490.0,2102.0,50.0,426.0,0.0,28.0,992.0,2.0,114.0,0.0,10.0,118.0,21.0,25.0,885.0,29.0,0.0,11.0,5.0,0.0,2.0,0.0,0.0,6.0,11.0,18.0,0.0,40.0,52.0,21.0,14.0,0.0,7.0,0.0,67.0,1862.0,0.0,56.0,0.0,0.0,30.0,8.0,0.0,0.0,9.0,270.0,0.0,1.0,0.0,16.0,191.0,29.0,0.0,17.0,284.0,0.0,1430.0,328.0,0.0,14.0,4247.0,258.0,411.0,187.0,98.0,1153.0,27.0,147.0,245.0,10598.0,0.0,1.0,0.0,0.0,0.0,0.0,0.0,0.0,0.0,1.0,2307.0,84.0,79.0,0.0,21.0,752.0,0.0,8.0,1.0,0.0,665.0,37.0,710.0,9.0,146.0,0.0,673.0,41.0,0.0,356.0,7.0,3307.0,0.0,19.0,0.0,0.0,1635.0,0.0,21.0,483.0,747.0,0.0,0.0,20840.0,2.0,32.0,0.0,0.0,21.0,208.0,0.0,6.0
2020-05-21,531.0,5.0,165.0,1.0,6.0,0.0,0.0,438.0,335.0,0.0,11.0,18.0,113.0,0.0,507.0,1773.0,2.0,1863.0,385.0,0.0,0.0,0.0,0.0,218.0,0.0,15.0,0.0,17408.0,0.0,0.0,39.0,3.0,0.0,14.0,0.0,204.0,1003.0,17.0,0.0,20.0,7558.0,2.0,640.0,0.0,0.0,0.0,2.0,13.0,0.0,4.0,74.0,78.0,104.0,73.0,219.0,0.0,254.0,0.0,0.0,73.0,13.0,0.0,3.0,9.0,24.0,0.0,0.0,0.0,44.0,353.0,8.0,0.0,65.0,0.0,8.0,745.0,0.0,0.0,10.0,0.0,0.0,0.0,11.0,132.0,0.0,64.0,51.0,1.0,63.0,0.0,157.0,43.0,1.0,5609.0,973.0,2392.0,153.0,64.0,0.0,9.0,665.0,0.0,39.0,0.0,12.0,265.0,66.0,0.0,1041.0,43.0,0.0,4.0,63.0,0.0,5.0,3.0,0.0,15.0,13.0,45.0,1.0,31.0,30.0,30.0,24.0,0.0,10.0,0.0,56.0,2713.0,0.0,0.0,0.0,0.0,137.0,10.0,6.0,0.0,27.0,198.0,0.0,0.0,254.0,6.0,276.0,19.0,0.0,11.0,327.0,0.0,2193.0,141.0,0.0,4.0,4550.0,492.0,471.0,228.0,61.0,1554.0,12.0,213.0,196.0,8849.0,6.0,1.0,0.0,0.0,0.0,0.0,0.0,1.0,2.0,0.0,2532.0,97.0,100.0,0.0,36.0,570.0,0.0,1.0,0.0,21.0,803.0,57.0,768.0,18.0,410.0,0.0,724.0,18.0,0.0,204.0,3.0,3052.0,0.0,0.0,0.0,1.0,972.0,0.0,4.0,476.0,941.0,0.0,0.0,23310.0,1.0,70.0,206.0,0.0,13.0,60.0,2.0,19.0
2020-05-22,540.0,0.0,186.0,0.0,2.0,0.0,0.0,474.0,322.0,0.0,2.0,57.0,118.0,1.0,135.0,1694.0,0.0,932.0,71.0,0.0,5.0,0.0,0.0,438.0,0.0,18.0,4.0,19951.0,0.0,0.0,41.0,3.0,0.0,7.0,1.0,555.0,1053.0,0.0,25.0,23.0,0.0,13.0,752.0,0.0,49.0,0.0,3.0,8.0,0.0,1.0,33.0,70.0,110.0,65.0,0.0,0.0,180.0,703.0,774.0,69.0,57.0,0.0,6.0,3.0,10.0,0.0,0.0,0.0,50.0,278.0,19.0,0.0,0.0,0.0,2.0,460.0,173.0,2.0,3.0,0.0,0.0,0.0,0.0,132.0,0.0,140.0,20.0,0.0,67.0,0.0,145.0,37.0,0.0,6088.0,634.0,0.0,0.0,76.0,1.0,31.0,642.0,9.0,89.0,3.0,0.0,363.0,80.0,14.0,0.0,37.0,0.0,9.0,0.0,0.0,2.0,0.0,0.0,17.0,9.0,34.0,0.0,50.0,0.0,0.0,15.0,0.0,32.0,0.0,19.0,2248.0,0.0,1.0,0.0,0.0,26.0,6.0,0.0,2.0,62.0,253.0,0.0,1.0,0.0,4.0,339.0,40.0,1.0,0.0,0.0,0.0,2603.0,110.0,0.0,3.0,4537.0,163.0,404.0,252.0,47.0,0.0,20.0,151.0,198.0,8894.0,6.0,2.0,0.0,0.0,0.0,0.0,0.0,0.0,2.0,0.0,0.0,101.0,86.0,0.0,15.0,448.0,0.0,6.0,0.0,0.0,1134.0,134.0,663.0,15.0,0.0,0.0,649.0,23.0,0.0,210.0,0.0,2718.0,0.0,16.0,0.0,1.0,961.0,0.0,0.0,442.0,894.0,0.0,0.0,22787.0,8.0,56.0,0.0,0.0,13.0,34.0,3.0,12.0
2020-05-25,512.0,15.0,193.0,0.0,9.0,0.0,0.0,704.0,452.0,0.0,3.0,32.0,140.0,3.0,336.0,1975.0,2.0,954.0,75.0,0.0,56.0,5.0,3.0,336.0,0.0,20.0,6.0,16508.0,0.0,0.0,25.0,1.0,0.0,9.0,0.0,0.0,1189.0,0.0,52.0,27.0,3709.0,11.0,1046.0,9.0,0.0,7.0,1.0,10.0,1.0,8.0,67.0,10.0,0.0,71.0,0.0,0.0,379.0,498.0,752.0,96.0,0.0,0.0,2.0,12.0,88.0,0.0,0.0,0.0,11.0,31.0,18.0,0.0,0.0,0.0,1.0,289.0,66.0,3.0,2.0,0.0,0.0,0.0,0.0,311.0,0.0,99.0,59.0,0.0,53.0,0.0,266.0,15.0,0.0,6977.0,479.0,2180.0,197.0,57.0,0.0,0.0,531.0,6.0,31.0,0.0,4.0,209.0,22.0,7.0,838.0,30.0,0.0,1.0,17.0,0.0,10.0,0.0,0.0,7.0,2.0,39.0,0.0,60.0,82.0,15.0,1.0,0.0,10.0,2.0,66.0,3329.0,0.0,0.0,0.0,0.0,27.0,26.0,0.0,1.0,79.0,172.0,0.0,0.0,0.0,2.0,313.0,37.0,0.0,0.0,513.0,0.0,1748.0,310.0,0.0,12.0,4056.0,258.0,395.0,152.0,89.0,1501.0,16.0,99.0,213.0,8946.0,2.0,0.0,0.0,0.0,0.0,0.0,0.0,0.0,0.0,0.0,2399.0,71.0,67.0,0.0,100.0,548.0,0.0,5.0,1.0,0.0,1240.0,92.0,290.0,64.0,192.0,0.0,271.0,16.0,16.0,191.0,2.0,1527.0,0.0,8.0,0.0,3.0,1141.0,0.0,-8.0,259.0,781.0,0.0,0.0,26158.0,11.0,48.0,66.0,0.0,10.0,0.0,0.0,0.0
2020-05-26,737.0,25.0,197.0,0.0,0.0,0.0,0.0,723.0,289.0,0.0,9.0,20.0,149.0,0.0,33.0,1166.0,0.0,946.0,312.0,0.0,0.0,0.0,0.0,348.0,1.0,14.0,0.0,15813.0,0.0,0.0,0.0,9.0,0.0,10.0,0.0,490.0,1022.0,0.0,48.0,12.0,4895.0,7.0,998.0,0.0,44.0,12.0,0.0,6.0,0.0,2.0,47.0,47.0,164.0,27.0,198.0,0.0,272.0,599.0,702.0,68.0,0.0,0.0,1.0,6.0,73.0,0.0,0.0,0.0,20.0,278.0,49.0,0.0,201.0,0.0,1.0,432.0,125.0,0.0,4.0,1.0,0.0,5.0,0.0,370.0,0.0,47.0,0.0,8.0,93.0,0.0,207.0,15.0,0.0,6535.0,415.0,2023.0,163.0,59.0,0.0,8.0,300.0,2.0,42.0,0.0,3.0,438.0,72.0,6.0,665.0,35.0,0.0,2.0,5.0,0.0,0.0,0.0,0.0,12.0,1.0,15.0,18.0,172.0,0.0,29.0,1.0,0.0,25.0,0.0,22.0,2764.0,0.0,0.0,0.0,0.0,99.0,15.0,5.0,0.0,90.0,209.0,0.0,0.0,0.0,6.0,229.0,21.0,0.0,43.0,0.0,0.0,1356.0,349.0,0.0,3.0,4205.0,284.0,305.0,165.0,71.0,1751.0,19.0,56.0,213.0,8915.0,9.0,4.0,0.0,0.0,0.0,0.0,0.0,0.0,0.0,-9.0,2235.0,83.0,34.0,0.0,14.0,344.0,0.0,2.0,0.0,95.0,1032.0,0.0,235.0,96.0,150.0,0.0,384.0,14.0,20.0,171.0,3.0,1364.0,0.0,5.0,0.0,0.0,987.0,0.0,0.0,339.0,822.0,0.0,0.0,15253.0,5.0,81.0,111.0,1.0,11.0,0.0,0.0,0.0
2020-05-28,637.0,26.0,160.0,0.0,0.0,0.0,0.0,600.0,442.0,0.0,6.0,18.0,165.0,0.0,326.0,2029.0,0.0,897.0,181.0,0.0,2.0,6.0,1.0,476.0,0.0,0.0,0.0,16324.0,0.0,0.0,0.0,0.0,0.0,0.0,0.0,0.0,941.0,3.0,49.0,15.0,4328.0,3.0,1022.0,0.0,2.0,5.0,0.0,11.0,0.0,0.0,36.0,79.0,257.0,52.0,229.0,0.0,459.0,447.0,910.0,67.0,0.0,0.0,6.0,11.0,30.0,0.0,0.0,0.0,64.0,148.0,31.0,0.0,81.0,0.0,3.0,353.0,339.0,0.0,11.0,0.0,0.0,0.0,1.0,194.0,0.0,88.0,0.0,2.0,111.0,0.0,212.0,23.0,1.0,6566.0,687.0,2080.0,287.0,68.0,0.0,28.0,584.0,8.0,32.0,0.0,2.0,272.0,123.0,9.0,692.0,74.0,0.0,4.0,21.0,0.0,0.0,22.0,0.0,8.0,6.0,26.0,0.0,15.0,0.0,39.0,4.0,0.0,30.0,0.0,11.0,3455.0,0.0,13.0,0.0,0.0,24.0,14.0,0.0,1.0,156.0,190.0,0.0,0.0,480.0,3.0,389.0,25.0,0.0,19.0,255.0,0.0,2076.0,264.0,0.0,7.0,5772.0,380.0,399.0,285.0,73.0,1740.0,79.0,232.0,165.0,8371.0,7.0,1.0,0.0,0.0,0.0,0.0,0.0,0.0,0.0,0.0,1815.0,92.0,48.0,0.0,28.0,533.0,0.0,2.0,2.0,20.0,1673.0,0.0,692.0,78.0,200.0,0.0,648.0,31.0,0.0,158.0,11.0,1672.0,0.0,4.0,0.0,0.0,1035.0,0.0,10.0,477.0,883.0,0.0,0.0,16362.0,2.0,63.0,34.0,0.0,7.0,137.0,76.0,8.0
2020-06-01,656.0,7.0,127.0,0.0,2.0,0.0,0.0,1512.0,210.0,0.0,10.0,4.0,248.0,0.0,605.0,0.0,0.0,898.0,49.0,0.0,0.0,0.0,0.0,861.0,0.0,16.0,3.0,33274.0,0.0,0.0,0.0,28.0,21.0,14.0,0.0,245.0,775.0,0.0,137.0,19.0,4830.0,18.0,1548.0,19.0,17.0,25.0,0.0,20.0,0.0,1.0,43.0,34.0,83.0,36.0,160.0,0.0,377.0,527.0,1536.0,122.0,0.0,0.0,4.0,2.0,109.0,0.0,0.0,0.0,33.0,88.0,41.0,0.0,42.0,0.0,11.0,333.0,113.0,8.0,2.0,0.0,0.0,0.0,0.0,132.0,0.0,65.0,66.0,2.0,281.0,0.0,208.0,9.0,0.0,8392.0,0.0,2516.0,260.0,61.0,0.0,0.0,355.0,6.0,33.0,0.0,5.0,450.0,74.0,0.0,851.0,69.0,0.0,1.0,29.0,0.0,8.0,26.0,0.0,5.0,2.0,13.0,5.0,57.0,101.0,15.0,0.0,0.0,47.0,0.0,128.0,2885.0,0.0,0.0,0.0,0.0,27.0,10.0,0.0,1.0,0.0,185.0,0.0,0.0,0.0,2.0,307.0,62.0,0.0,0.0,1014.0,0.0,2964.0,487.0,0.0,22.0,7386.0,0.0,215.0,297.0,58.0,1648.0,35.0,153.0,124.0,9035.0,11.0,0.0,0.0,0.0,0.0,0.0,0.0,1.0,0.0,0.0,1877.0,110.0,31.0,0.0,9.0,518.0,0.0,1.0,0.0,60.0,1716.0,0.0,317.0,3.0,226.0,2.0,429.0,6.0,0.0,123.0,1.0,1125.0,0.0,14.0,1.0,1.0,839.0,0.0,12.0,340.0,661.0,0.0,0.0,23482.0,5.0,108.0,89.0,0.0,13.0,0.0,4.0,1.0
2020-06-02,742.0,21.0,119.0,1.0,0.0,0.0,0.0,637.0,517.0,0.0,9.0,21.0,168.0,1.0,473.0,2381.0,0.0,847.0,59.0,0.0,11.0,0.0,4.0,390.0,0.0,14.0,0.0,16409.0,0.0,0.0,0.0,2.0,0.0,23.0,0.0,493.0,835.0,0.0,58.0,12.0,5471.0,9.0,1147.0,0.0,7.0,9.0,0.0,38.0,0.0,5.0,29.0,118.0,146.0,30.0,215.0,0.0,287.0,0.0,1399.0,65.0,0.0,0.0,1.0,8.0,85.0,0.0,0.0,0.0,26.0,251.0,22.0,0.0,0.0,0.0,2.0,213.0,189.0,1.0,1.0,0.0,0.0,0.0,1.0,348.0,0.0,73.0,17.0,1.0,259.0,0.0,108.0,45.0,0.0,8171.0,467.0,2979.0,429.0,72.0,0.0,148.0,178.0,0.0,46.0,0.0,7.0,263.0,59.0,3.0,719.0,28.0,0.0,5.0,13.0,0.0,8.0,12.0,0.0,3.0,1.0,55.0,52.0,38.0,56.0,50.0,3.0,0.0,0.0,0.0,63.0,3152.0,0.0,6.0,0.0,0.0,26.0,0.0,4.0,1.0,239.0,103.0,0.0,0.0,0.0,0.0,416.0,89.0,0.0,0.0,786.0,0.0,3938.0,445.0,0.0,9.0,8805.0,552.0,379.0,200.0,97.0,1523.0,38.0,109.0,141.0,8863.0,7.0,2.0,0.0,0.0,0.0,0.0,0.0,0.0,0.0,0.0,1881.0,94.0,18.0,0.0,4.0,408.0,0.0,0.0,2.0,47.0,1674.0,0.0,173.0,10.0,147.0,13.0,272.0,6.0,1.0,83.0,1.0,1079.0,0.0,1.0,0.0,7.0,827.0,0.0,0.0,328.0,635.0,0.0,1.0,26116.0,2.0,56.0,51.0,0.0,31.0,32.0,0.0,1.0
2020-06-03,775.0,12.0,113.0,79.0,0.0,0.0,0.0,564.0,515.0,0.0,17.0,11.0,273.0,0.0,440.0,2911.0,0.0,852.0,178.0,0.0,1.0,1.0,0.0,549.0,0.0,11.0,2.0,11598.0,0.0,0.0,25.0,1.0,0.0,8.0,0.0,188.0,800.0,9.0,0.0,13.0,3527.0,5.0,1110.0,0.0,7.0,28.0,0.0,9.0,0.0,3.0,62.0,73.0,131.0,35.0,210.0,0.0,180.0,1316.0,1152.0,71.0,0.0,0.0,0.0,1.0,87.0,0.0,0.0,0.0,2.0,-840.0,18.0,0.0,148.0,1.0,4.0,342.0,227.0,0.0,19.0,0.0,0.0,0.0,2.0,249.0,0.0,42.0,0.0,0.0,102.0,0.0,160.0,10.0,0.0,8909.0,609.0,3117.0,519.0,4.0,0.0,0.0,318.0,7.0,56.0,0.0,9.0,225.0,72.0,13.0,887.0,26.0,0.0,8.0,9.0,0.0,15.0,14.0,0.0,4.0,1.0,19.0,22.0,20.0,12.0,36.0,1.0,0.0,58.0,0.0,52.0,2771.0,0.0,0.0,0.0,0.0,33.0,53.0,5.0,0.0,288.0,102.0,0.0,0.0,65.0,2.0,241.0,76.0,1.0,35.0,576.0,0.0,4065.0,374.0,0.0,18.0,5563.0,359.0,230.0,195.0,62.0,1826.0,49.0,188.0,119.0,8536.0,7.0,4.0,0.0,0.0,0.0,0.0,0.0,0.0,0.0,0.0,1869.0,97.0,24.0,0.0,31.0,544.0,0.0,0.0,0.0,66.0,1455.0,0.0,335.0,40.0,137.0,26.0,775.0,21.0,0.0,87.0,1.0,1441.0,0.0,2.0,0.0,2.0,786.0,0.0,128.0,483.0,596.0,0.0,0.0,14692.0,2.0,0.0,152.0,0.0,45.0,0.0,28.0,2.0
2020-06-04,624.0,21.0,107.0,7.0,0.0,0.0,0.0,904.0,697.0,0.0,8.0,31.0,325.0,0.0,504.0,2695.0,0.0,861.0,159.0,0.0,0.0,0.0,0.0,460.0,0.0,16.0,0.0,28936.0,0.0,0.0,47.0,0.0,0.0,11.0,0.0,167.0,597.0,1.0,120.0,17.0,4942.0,1.0,1340.0,0.0,14.0,21.0,0.0,15.0,0.0,6.0,74.0,86.0,169.0,37.0,156.0,0.0,288.0,552.0,1079.0,52.0,0.0,0.0,10.0,1.0,142.0,0.0,0.0,0.0,24.0,328.0,16.0,0.0,99.0,0.0,1.0,394.0,251.0,2.0,0.0,0.0,0.0,0.0,1.0,250.0,0.0,47.0,7.0,0.0,281.0,0.0,165.0,0.0,0.0,9304.0,684.0,3134.0,781.0,45.0,0.0,0.0,321.0,2.0,32.0,0.0,2.0,271.0,123.0,62.0,710.0,28.0,0.0,0.0,14.0,2.0,5.0,14.0,0.0,2.0,0.0,63.0,11.0,93.0,9.0,35.0,2.0,0.0,80.0,0.0,7.0,3891.0,0.0,0.0,0.0,0.0,56.0,9.0,1.0,0.0,201.0,86.0,0.0,0.0,359.0,1.0,347.0,101.0,1.0,0.0,738.0,0.0,4801.0,258.0,0.0,57.0,4845.0,751.0,292.0,366.0,88.0,1901.0,39.0,247.0,152.0,8831.0,13.0,1.0,0.0,0.0,0.0,0.0,0.0,0.0,0.0,0.0,2171.0,96.0,69.0,0.0,13.0,569.0,0.0,3.0,2.0,57.0,1713.0,323.0,456.0,66.0,189.0,1.0,2214.0,28.0,0.0,91.0,17.0,1484.0,0.0,7.0,0.0,1.0,867.0,0.0,50.0,588.0,571.0,0.0,0.0,24890.0,1.0,156.0,157.0,0.0,20.0,0.0,16.0,6.0
2020-06-05,1078.0,15.0,98.0,1.0,0.0,0.0,0.0,949.0,596.0,0.0,11.0,36.0,262.0,0.0,414.0,2423.0,0.0,865.0,168.0,0.0,17.0,0.0,0.0,647.0,0.0,43.0,0.0,28633.0,0.0,0.0,0.0,1.0,0.0,25.0,0.0,37.0,693.0,5.0,99.0,8.0,4664.0,11.0,1521.0,0.0,3.0,52.0,1.0,12.0,1.0,0.0,56.0,152.0,149.0,40.0,119.0,0.0,279.0,0.0,1152.0,76.0,0.0,2.0,10.0,5.0,150.0,0.0,0.0,0.0,0.0,678.0,23.0,0.0,53.0,0.0,5.0,507.0,337.0,1.0,15.0,0.0,0.0,0.0,1.0,174.0,0.0,58.0,0.0,0.0,97.0,0.0,163.0,23.0,0.0,9851.0,585.0,3574.0,672.0,31.0,0.0,276.0,177.0,0.0,46.0,1.0,8.0,245.0,124.0,0.0,562.0,37.0,0.0,3.0,50.0,0.0,5.0,0.0,0.0,3.0,7.0,49.0,24.0,277.0,22.0,75.0,0.0,0.0,116.0,0.0,65.0,3912.0,0.0,1.0,0.0,0.0,81.0,36.0,2.0,0.0,334.0,209.0,1.0,0.0,0.0,2.0,350.0,120.0,2.0,31.0,779.0,0.0,3985.0,514.0,0.0,16.0,4030.0,634.0,361.0,331.0,485.0,1581.0,39.0,223.0,238.0,8726.0,13.0,1.0,0.0,0.0,0.0,0.0,0.0,0.0,8.0,0.0,1975.0,89.0,48.0,0.0,5.0,517.0,0.0,1.0,2.0,58.0,3267.0,0.0,573.0,48.0,215.0,28.0,1080.0,14.0,1.0,98.0,1.0,1356.0,0.0,13.0,0.0,0.0,988.0,0.0,15.0,553.0,659.0,0.0,1.0,14583.0,2.0,91.0,133.0,0.0,34.0,22.0,0.0,7.0
2020-06-08,575.0,17.0,104.0,0.0,5.0,0.0,0.0,983.0,195.0,0.0,5.0,46.0,314.0,0.0,380.0,2743.0,0.0,1762.0,53.0,0.0,0.0,0.0,11.0,630.0,0.0,28.0,0.0,27075.0,0.0,0.0,16.0,0.0,0.0,12.0,0.0,261.0,722.0,0.0,64.0,1.0,6405.0,5.0,1392.0,0.0,30.0,0.0,0.0,18.0,0.0,4.0,61.0,182.0,138.0,24.0,38.0,0.0,405.0,392.0,1467.0,81.0,0.0,0.0,8.0,11.0,86.0,0.0,0.0,0.0,17.0,293.0,50.0,0.0,0.0,0.0,1.0,214.0,176.0,1.0,17.0,0.0,0.0,0.0,0.0,307.0,0.0,48.0,0.0,1.0,148.0,0.0,184.0,0.0,1.0,9983.0,672.0,2364.0,1268.0,18.0,0.0,77.0,197.0,1.0,33.0,2.0,13.0,165.0,167.0,40.0,717.0,25.0,0.0,2.0,11.0,0.0,14.0,0.0,0.0,9.0,4.0,26.0,29.0,19.0,2.0,10.0,7.0,0.0,0.0,0.0,0.0,3593.0,0.0,0.0,0.0,0.0,73.0,15.0,2.0,0.0,213.0,239.0,0.0,0.0,0.0,3.0,253.0,113.0,1.0,0.0,866.0,0.0,4728.0,541.0,0.0,45.0,4358.0,555.0,575.0,142.0,70.0,1595.0,38.0,189.0,189.0,8985.0,8.0,0.0,0.0,0.0,0.0,0.0,0.0,0.0,0.0,0.0,3045.0,79.0,82.0,0.0,23.0,383.0,0.0,0.0,0.0,45.0,2312.0,0.0,243.0,21.0,2.0,11.0,843.0,13.0,16.0,76.0,7.0,801.0,0.0,8.0,0.0,0.0,914.0,0.0,23.0,463.0,540.0,0.0,0.0,28918.0,11.0,171.0,171.0,0.0,2.0,0.0,0.0,0.0
2020-06-09,305.0,36.0,111.0,0.0,1.0,0.0,0.0,774.0,350.0,0.0,5.0,21.0,323.0,0.0,654.0,2735.0,0.0,823.0,152.0,0.0,37.0,0.0,0.0,285.0,0.0,30.0,2.0,18912.0,0.0,0.0,83.0,2.0,0.0,13.0,0.0,200.0,642.0,0.0,216.0,2.0,4696.0,4.0,1209.0,0.0,0.0,55.0,0.0,9.0,0.0,6.0,69.0,142.0,90.0,14.0,71.0,0.0,526.0,258.0,1365.0,89.0,0.0,0.0,1.0,7.0,136.0,0.0,0.0,0.0,20.0,98.0,40.0,0.0,0.0,2.0,8.0,350.0,272.0,1.0,52.0,0.0,0.0,0.0,0.0,263.0,0.0,51.0,21.0,0.0,262.0,0.0,172.0,44.0,0.0,9987.0,847.0,2043.0,1115.0,6.0,0.0,132.0,280.0,2.0,36.0,0.0,23.0,215.0,95.0,72.0,662.0,23.0,0.0,0.0,19.0,0.0,11.0,76.0,0.0,6.0,1.0,42.0,5.0,7.0,13.0,14.0,1.0,0.0,102.0,0.0,72.0,3484.0,0.0,1.0,0.0,0.0,78.0,9.0,2.0,2.0,314.0,165.0,0.0,0.0,0.0,0.0,315.0,127.0,1.0,43.0,604.0,0.0,4646.0,421.0,0.0,10.0,4757.0,579.0,599.0,392.0,61.0,1368.0,38.0,107.0,125.0,8595.0,12.0,1.0,0.0,0.0,0.0,0.0,0.0,1.0,0.0,0.0,3369.0,102.0,73.0,0.0,32.0,386.0,0.0,2.0,0.0,34.0,2594.0,287.0,137.0,22.0,161.0,27.0,403.0,43.0,3.0,80.0,2.0,721.0,0.0,2.0,0.0,0.0,989.0,0.0,30.0,394.0,568.0,0.0,0.0,17848.0,0.0,96.0,61.0,3.0,12.0,46.0,8.0,9.0
2020-06-10,920.0,42.0,117.0,0.0,4.0,0.0,0.0,826.0,428.0,0.0,2.0,13.0,315.0,0.0,783.0,3171.0,0.0,812.0,145.0,0.0,34.0,0.0,0.0,306.0,0.0,24.0,0.0,15654.0,0.0,0.0,79.0,1.0,0.0,18.0,0.0,252.0,545.0,7.0,0.0,5.0,3913.0,3.0,1483.0,0.0,35.0,24.0,0.0,5.0,0.0,2.0,54.0,114.0,153.0,39.0,53.0,0.0,289.0,539.0,1385.0,87.0,0.0,0.0,7.0,31.0,180.0,0.0,0.0,0.0,24.0,335.0,44.0,0.0,193.0,0.0,4.0,318.0,291.0,0.0,9.0,0.0,0.0,0.0,1.0,447.0,0.0,42.0,0.0,0.0,204.0,0.0,123.0,3.0,0.0,9985.0,1043.0,2095.0,787.0,8.0,0.0,174.0,283.0,0.0,41.0,2.0,14.0,245.0,127.0,0.0,630.0,38.0,0.0,1.0,18.0,0.0,13.0,0.0,0.0,7.0,6.0,44.0,12.0,7.0,26.0,39.0,2.0,0.0,113.0,0.0,24.0,2999.0,0.0,0.0,0.0,0.0,135.0,20.0,2.0,0.0,323.0,164.0,1.0,0.0,0.0,1.0,663.0,87.0,2.0,16.0,712.0,0.0,5385.0,429.0,0.0,42.0,3181.0,518.0,400.0,421.0,139.0,1721.0,50.0,218.0,145.0,8404.0,12.0,0.0,0.0,0.0,0.0,0.0,0.0,0.0,0.0,0.0,3288.0,86.0,69.0,0.0,24.0,218.0,0.0,1.0,1.0,48.0,2112.0,2.0,332.0,2.0,183.0,5.0,791.0,9.0,2.0,81.0,4.0,1099.0,0.0,0.0,0.0,0.0,993.0,0.0,0.0,525.0,528.0,0.0,0.0,17536.0,0.0,99.0,96.0,0.0,28.0,0.0,27.0,9.0
2020-06-11,748.0,44.0,102.0,0.0,17.0,0.0,0.0,1141.0,566.0,0.0,0.0,34.0,339.0,0.0,467.0,3190.0,4.0,801.0,116.0,1.0,0.0,0.0,3.0,695.0,0.0,49.0,6.0,32091.0,0.0,0.0,104.0,0.0,0.0,31.0,0.0,369.0,409.0,5.0,38.0,2.0,5737.0,11.0,1359.0,65.0,10.0,33.0,2.0,6.0,1.0,2.0,73.0,186.0,131.0,15.0,42.0,0.0,393.0,523.0,1455.0,83.0,0.0,0.0,11.0,27.0,170.0,0.0,0.0,0.0,15.0,397.0,92.0,0.0,0.0,0.0,6.0,555.0,0.0,0.0,10.0,0.0,0.0,0.0,2.0,364.0,0.0,33.0,0.0,2.0,124.0,0.0,485.0,10.0,0.0,9996.0,1240.0,2011.0,1146.0,16.0,0.0,179.0,202.0,0.0,41.0,0.0,18.0,240.0,105.0,35.0,683.0,36.0,0.0,3.0,20.0,0.0,14.0,46.0,0.0,6.0,3.0,24.0,0.0,2.0,20.0,81.0,3.0,0.0,121.0,0.0,31.0,4199.0,0.0,0.0,0.0,0.0,71.0,19.0,2.0,0.0,279.0,184.0,0.0,0.0,346.0,0.0,409.0,125.0,0.0,13.0,689.0,0.0,5834.0,379.0,0.0,15.0,4040.0,740.0,197.0,294.0,144.0,1716.0,45.0,296.0,196.0,8779.0,13.0,5.0,0.0,0.0,0.0,0.0,0.0,0.0,0.0,93.0,3717.0,124.0,66.0,0.0,37.0,451.0,0.0,2.0,2.0,36.0,2430.0,0.0,411.0,10.0,155.0,4.0,890.0,28.0,6.0,73.0,0.0,1158.0,0.0,25.0,0.0,0.0,922.0,0.0,19.0,689.0,603.0,0.0,1.0,17235.0,1.0,148.0,159.0,0.0,36.0,52.0,6.0,4.0
2020-06-12,656.0,31.0,105.0,0.0,5.0,0.0,0.0,1226.0,612.0,0.0,18.0,28.0,352.0,0.0,0.0,3187.0,0.0,750.0,95.0,0.0,51.0,0.0,0.0,637.0,0.0,55.0,0.0,32913.0,0.0,0.0,93.0,0.0,11.0,41.0,0.0,0.0,472.0,4.0,156.0,2.0,5596.0,7.0,1604.0,0.0,17.0,86.0,0.0,8.0,0.0,1.0,62.0,223.0,125.0,19.0,25.0,0.0,629.0,0.0,1442.0,99.0,0.0,0.0,7.0,51.0,164.0,0.0,0.0,0.0,24.0,358.0,52.0,0.0,169.0,0.0,9.0,258.0,157.0,0.0,20.0,0.0,0.0,0.0,0.0,355.0,0.0,81.0,0.0,0.0,134.0,0.0,425.0,12.0,0.0,10956.0,979.0,2238.0,1261.0,7.0,0.0,193.0,379.0,0.0,40.0,0.0,27.0,313.0,121.0,28.0,609.0,37.0,0.0,2.0,14.0,0.0,13.0,15.0,0.0,19.0,3.0,41.0,26.0,31.0,14.0,55.0,5.0,0.0,0.0,0.0,34.0,4883.0,0.0,0.0,0.0,0.0,29.0,17.0,13.0,0.0,250.0,164.0,0.0,0.0,0.0,0.0,681.0,175.0,0.0,18.0,1067.0,0.0,5985.0,656.0,0.0,28.0,5087.0,443.0,444.0,310.0,23.0,1476.0,56.0,406.0,237.0,8987.0,18.0,1.0,0.0,0.0,0.0,0.0,0.0,0.0,0.0,0.0,3733.0,119.0,71.0,0.0,23.0,422.0,0.0,8.0,0.0,61.0,3147.0,0.0,435.0,8.0,148.0,7.0,1474.0,25.0,12.0,71.0,4.0,1199.0,0.0,0.0,0.0,0.0,987.0,0.0,14.0,683.0,479.0,0.0,0.0,20315.0,1.0,124.0,106.0,0.0,31.0,0.0,12.0,2.0
2020-06-15,761.0,69.0,109.0,0.0,2.0,0.0,0.0,1531.0,397.0,0.0,18.0,24.0,387.0,0.0,317.0,3141.0,0.0,732.0,22.0,1.0,58.0,2.0,0.0,913.0,0.0,109.0,0.0,21704.0,0.0,0.0,24.0,2.0,0.0,24.0,2.0,829.0,467.0,0.0,165.0,2.0,6938.0,49.0,1888.0,0.0,0.0,50.0,1.0,10.0,0.0,3.0,33.0,236.0,54.0,54.0,16.0,0.0,390.0,395.0,1618.0,117.0,0.0,31.0,0.0,4.0,179.0,0.0,0.0,0.0,17.0,307.0,94.0,0.0,0.0,0.0,15.0,192.0,304.0,0.0,9.0,0.0,0.0,0.0,0.0,509.0,0.0,50.0,0.0,0.0,224.0,0.0,323.0,12.0,0.0,11502.0,857.0,2472.0,1259.0,8.0,0.0,132.0,338.0,1.0,73.0,0.0,8.0,313.0,137.0,6.0,454.0,87.0,0.0,0.0,4.0,0.0,12.0,0.0,0.0,5.0,7.0,20.0,18.0,8.0,22.0,33.0,2.0,0.0,210.0,0.0,0.0,3494.0,0.0,0.0,1.0,0.0,101.0,30.0,1.0,0.0,425.0,143.0,0.0,0.0,0.0,2.0,904.0,155.0,0.0,0.0,1404.0,0.0,5248.0,848.0,0.0,28.0,4383.0,538.0,375.0,227.0,121.0,1186.0,36.0,281.0,320.0,8246.0,41.0,6.0,0.0,0.0,0.0,0.0,0.0,0.0,0.0,0.0,4233.0,94.0,59.0,0.0,37.0,407.0,0.0,3.0,3.0,16.0,4302.0,9.0,111.0,5.0,213.0,0.0,683.0,10.0,7.0,64.0,0.0,890.0,0.0,5.0,0.0,2.0,1562.0,0.0,0.0,656.0,304.0,0.0,0.0,25314.0,0.0,109.0,25.0,0.0,23.0,1.0,27.0,3.0
2020-06-16,106.0,82.0,112.0,0.0,2.0,0.0,0.0,1282.0,425.0,0.0,15.0,27.0,367.0,1.0,469.0,3099.0,1.0,707.0,147.0,0.0,13.0,0.0,1.0,617.0,0.0,38.0,0.0,17110.0,0.0,0.0,51.0,0.0,10.0,10.0,0.0,292.0,377.0,0.0,0.0,0.0,5143.0,45.0,2193.0,0.0,104.0,53.0,2.0,14.0,0.0,2.0,40.0,0.0,0.0,24.0,36.0,0.0,309.0,571.0,1691.0,106.0,0.0,13.0,1.0,16.0,176.0,0.0,0.0,0.0,4.0,52.0,71.0,0.0,570.0,0.0,0.0,378.0,542.0,0.0,13.0,0.0,0.0,0.0,1.0,354.0,0.0,38.0,0.0,0.0,144.0,0.0,403.0,1.0,1.0,10667.0,1017.0,2449.0,1106.0,18.0,0.0,113.0,301.0,2.0,85.0,0.0,18.0,383.0,133.0,129.0,511.0,100.0,0.0,0.0,18.0,0.0,40.0,49.0,0.0,5.0,2.0,18.0,9.0,41.0,30.0,51.0,2.0,0.0,0.0,0.0,28.0,4147.0,0.0,0.0,0.0,0.0,92.0,26.0,0.0,0.0,451.0,165.0,0.0,2.0,0.0,0.0,573.0,100.0,0.0,25.0,1043.0,0.0,4443.0,627.0,0.0,7.0,4604.0,490.0,396.0,346.0,79.0,1274.0,34.0,139.0,166.0,8248.0,30.0,1.0,0.0,0.0,0.0,0.0,0.0,0.0,0.0,0.0,4507.0,0.0,57.0,0.0,7.0,214.0,0.0,4.0,1.0,47.0,3495.0,62.0,78.0,16.0,215.0,21.0,769.0,33.0,0.0,62.0,0.0,822.0,0.0,1.0,6.0,14.0,1592.0,0.0,0.0,666.0,342.0,0.0,0.0,21754.0,1.0,190.0,74.0,0.0,116.0,24.0,4.0,13.0
2020-06-17,1241.0,50.0,116.0,1.0,0.0,0.0,0.0,1208.0,544.0,0.0,12.0,33.0,338.0,0.0,540.0,3862.0,0.0,689.0,98.0,0.0,49.0,0.0,0.0,614.0,0.0,45.0,0.0,20647.0,0.0,0.0,112.0,1.0,0.0,21.0,0.0,0.0,360.0,0.0,188.0,3.0,5013.0,44.0,2124.0,21.0,0.0,29.0,1.0,11.0,0.0,0.0,47.0,595.0,196.0,33.0,38.0,0.0,415.0,621.0,1567.0,115.0,0.0,12.0,1.0,14.0,109.0,0.0,0.0,0.0,4.0,226.0,95.0,0.0,81.0,6.0,9.0,345.0,229.0,0.0,14.0,0.0,0.0,0.0,0.0,427.0,0.0,67.0,32.0,0.0,132.0,0.0,320.0,1.0,1.0,10974.0,1106.0,2563.0,1385.0,13.0,0.0,217.0,210.0,4.0,41.0,3.0,2.0,350.0,133.0,141.0,527.0,90.0,0.0,1.0,9.0,0.0,11.0,0.0,0.0,3.0,3.0,27.0,8.0,11.0,29.0,25.0,6.0,0.0,104.0,0.0,23.0,3427.0,0.0,0.0,7.0,0.0,46.0,29.0,0.0,2.0,380.0,139.0,0.0,0.0,0.0,36.0,490.0,132.0,0.0,0.0,745.0,0.0,5839.0,736.0,0.0,7.0,3256.0,361.0,407.0,300.0,61.0,1201.0,43.0,375.0,250.0,7843.0,24.0,-1.0,0.0,0.0,0.0,1.0,0.0,0.0,0.0,10.0,4267.0,157.0,59.0,0.0,49.0,151.0,0.0,0.0,3.0,16.0,2801.0,21.0,278.0,10.0,305.0,28.0,940.0,25.0,0.0,63.0,0.0,1043.0,0.0,6.0,0.0,15.0,1467.0,0.0,0.0,758.0,346.0,0.0,1.0,18514.0,0.0,268.0,84.0,1.0,41.0,23.0,4.0,6.0
2020-06-18,463.0,66.0,121.0,0.0,13.0,0.0,0.0,1374.0,665.0,0.0,23.0,17.0,329.0,0.0,408.0,4008.0,0.0,663.0,123.0,1.0,40.0,0.0,0.0,810.0,0.0,60.0,19.0,34918.0,0.0,0.0,89.0,4.0,0.0,11.0,1.0,0.0,320.0,6.0,154.0,1.0,36179.0,36.0,1868.0,0.0,0.0,52.0,3.0,7.0,1.0,0.0,51.0,384.0,126.0,44.0,6.0,0.0,419.0,547.0,1363.0,125.0,0.0,10.0,2.0,43.0,129.0,0.0,0.0,0.0,5.0,311.0,133.0,0.0,115.0,0.0,5.0,580.0,397.0,0.0,55.0,0.0,0.0,0.0,2.0,434.0,0.0,29.0,0.0,12.0,106.0,0.0,478.0,1.0,0.0,12881.0,1031.0,2612.0,1554.0,7.0,0.0,299.0,328.0,0.0,40.0,0.0,6.0,335.0,184.0,77.0,575.0,95.0,0.0,6.0,16.0,0.0,7.0,15.0,0.0,2.0,10.0,61.0,8.0,10.0,26.0,5.0,6.0,0.0,170.0,0.0,12.0,4599.0,0.0,0.0,4.0,0.0,66.0,13.0,1.0,0.0,586.0,117.0,0.0,1.0,359.0,4.0,587.0,193.0,0.0,29.0,810.0,0.0,5358.0,540.0,0.0,5.0,4164.0,457.0,506.0,336.0,52.0,1097.0,59.0,478.0,345.0,7790.0,3.0,2.0,0.0,0.0,0.0,0.0,0.0,2.0,14.0,-10.0,4919.0,122.0,96.0,0.0,24.0,247.0,0.0,9.0,4.0,38.0,4078.0,31.0,362.0,9.0,280.0,6.0,1239.0,16.0,1.0,61.0,6.0,1102.0,0.0,0.0,0.0,3.0,1429.0,0.0,0.0,829.0,382.0,0.0,0.0,27921.0,1.0,136.0,88.0,0.0,17.0,7.0,10.0,50.0
2020-06-19,541.0,50.0,117.0,1.0,11.0,0.0,0.0,1393.0,459.0,0.0,21.0,40.0,338.0,0.0,469.0,3803.0,0.0,625.0,108.0,0.0,25.0,0.0,0.0,802.0,0.0,58.0,0.0,32188.0,0.0,0.0,132.0,0.0,0.0,31.0,0.0,0.0,386.0,0.0,41.0,0.0,4475.0,37.0,2115.0,13.0,0.0,75.0,11.0,15.0,0.0,0.0,68.0,381.0,183.0,50.0,12.0,0.0,540.0,607.0,1218.0,134.0,0.0,11.0,0.0,23.0,195.0,0.0,0.0,0.0,0.0,201.0,204.0,0.0,111.0,2.0,2.0,770.0,339.0,0.0,24.0,0.0,0.0,0.0,5.0,545.0,0.0,173.0,20.0,12.0,141.0,0.0,643.0,2.0,2.0,13586.0,1331.0,2596.0,1463.0,14.0,0.0,239.0,331.0,5.0,72.0,2.0,14.0,474.0,213.0,83.0,541.0,132.0,0.0,4.0,6.0,0.0,26.0,28.0,0.0,6.0,6.0,25.0,20.0,14.0,17.0,16.0,1.0,19.0,166.0,0.0,38.0,4930.0,0.0,4.0,17.0,0.0,77.0,11.0,23.0,5.0,671.0,115.0,0.0,0.0,0.0,0.0,745.0,182.0,0.0,32.0,739.0,0.0,4944.0,635.0,0.0,22.0,3752.0,561.0,314.0,417.0,108.0,1267.0,49.0,374.0,320.0,7972.0,7.0,5.0,0.0,0.0,0.0,0.0,0.0,0.0,0.0,0.0,4757.0,106.0,94.0,0.0,23.0,257.0,0.0,1.0,8.0,23.0,3478.0,6.0,336.0,23.0,0.0,19.0,1481.0,24.0,9.0,58.0,5.0,1013.0,0.0,7.0,0.0,4.0,1304.0,0.0,0.0,921.0,388.0,0.0,0.0,23139.0,0.0,158.0,236.0,7.0,7.0,4.0,62.0,50.0
2020-06-22,310.0,104.0,140.0,0.0,4.0,0.0,0.0,1634.0,320.0,0.0,25.0,38.0,491.0,0.0,433.0,3531.0,0.0,569.0,19.0,0.0,115.0,0.0,0.0,1036.0,0.0,77.0,0.0,34666.0,0.0,0.0,33.0,0.0,0.0,27.0,0.0,643.0,390.0,0.0,0.0,0.0,5607.0,21.0,2357.0,0.0,0.0,69.0,18.0,3.0,0.0,1.0,50.0,216.0,154.0,0.0,17.0,0.0,899.0,457.0,1475.0,151.0,0.0,1.0,0.0,8.0,63.0,0.0,0.0,0.0,1.0,5.0,278.0,0.0,0.0,0.0,2.0,537.0,437.0,0.0,10.0,0.0,0.0,0.0,0.0,246.0,0.0,28.0,0.0,0.0,97.0,0.0,1048.0,8.0,0.0,14821.0,862.0,2368.0,1646.0,5.0,0.0,158.0,224.0,5.0,52.0,0.0,18.0,1410.0,260.0,96.0,505.0,205.0,0.0,0.0,51.0,0.0,25.0,27.0,0.0,3.0,15.0,93.0,0.0,16.0,16.0,28.0,1.0,0.0,192.0,0.0,0.0,4717.0,0.0,2.0,6.0,0.0,138.0,45.0,4.0,9.0,421.0,91.0,0.0,4.0,0.0,1.0,436.0,101.0,0.0,0.0,905.0,0.0,4471.0,948.0,0.0,17.0,3413.0,652.0,311.0,292.0,62.0,881.0,17.0,247.0,315.0,7600.0,26.0,1.0,0.0,0.0,0.0,0.0,0.0,0.0,0.0,0.0,3379.0,105.0,91.0,0.0,18.0,262.0,0.0,1.0,1.0,24.0,4621.0,18.0,221.0,0.0,0.0,9.0,0.0,20.0,6.0,58.0,3.0,687.0,0.0,8.0,0.0,1.0,1192.0,2.0,-68.0,681.0,392.0,0.0,2.0,32349.0,6.0,142.0,199.0,0.0,19.0,0.0,10.0,49.0
2020-06-23,338.0,52.0,149.0,0.0,7.0,0.0,0.0,1581.0,418.0,0.0,13.0,35.0,478.0,0.0,643.0,3480.0,0.0,518.0,143.0,0.0,42.0,0.0,1.0,876.0,0.0,93.0,0.0,17459.0,0.0,0.0,79.0,2.0,0.0,54.0,0.0,611.0,318.0,0.0,155.0,0.0,4608.0,52.0,3019.0,0.0,204.0,86.0,19.0,3.0,0.0,2.0,63.0,185.0,99.0,136.0,17.0,0.0,693.0,275.0,1576.0,182.0,0.0,0.0,0.0,8.0,131.0,0.0,0.0,0.0,1.0,325.0,17.0,0.0,311.0,4.0,3.0,503.0,0.0,0.0,21.0,0.0,0.0,0.0,2.0,390.0,0.0,0.0,44.0,1.0,134.0,0.0,519.0,5.0,0.0,14933.0,954.0,2573.0,1808.0,4.0,0.0,161.0,221.0,2.0,52.0,0.0,9.0,1315.0,59.0,47.0,641.0,163.0,0.0,0.0,16.0,8.0,24.0,0.0,0.0,3.0,1.0,44.0,15.0,15.0,14.0,0.0,0.0,0.0,171.0,3.0,30.0,5343.0,0.0,7.0,16.0,0.0,195.0,4.0,1.0,8.0,535.0,65.0,0.0,2.0,0.0,10.0,675.0,90.0,0.0,37.0,1605.0,0.0,3946.0,808.0,0.0,13.0,3598.0,630.0,296.0,259.0,39.0,1034.0,46.0,163.0,246.0,7425.0,59.0,1.0,0.0,0.0,0.0,0.0,0.0,0.0,0.0,0.0,3393.0,82.0,96.0,0.0,13.0,218.0,0.0,1.0,1.0,33.0,4288.0,10.0,163.0,1.0,118.0,16.0,2889.0,3.0,15.0,56.0,5.0,639.0,0.0,0.0,0.0,2.0,1212.0,0.0,19.0,833.0,378.0,0.0,0.0,27575.0,17.0,142.0,128.0,0.0,26.0,0.0,23.0,168.0
2020-06-24,159.0,67.0,156.0,0.0,6.0,0.0,0.0,2146.0,711.0,0.0,18.0,31.0,508.0,0.0,655.0,3412.0,0.0,464.0,109.0,1.0,43.0,0.0,1.0,1105.0,0.0,63.0,0.0,21432.0,0.0,0.0,130.0,0.0,0.0,39.0,1.0,149.0,300.0,0.0,88.0,2.0,3804.0,28.0,2531.0,18.0,54.0,64.0,30.0,3.0,1.0,2.0,89.0,227.0,102.0,34.0,18.0,0.0,566.0,728.0,1332.0,165.0,0.0,0.0,1.0,31.0,185.0,0.0,0.0,0.0,11.0,364.0,135.0,0.0,110.0,1.0,3.0,587.0,414.0,0.0,15.0,0.0,0.0,0.0,1.0,624.0,0.0,116.0,0.0,21.0,5.0,0.0,531.0,0.0,0.0,15968.0,1051.0,2445.0,1826.0,8.0,0.0,345.0,113.0,6.0,56.0,0.0,5.0,1630.0,155.0,52.0,742.0,207.0,0.0,0.0,19.0,5.0,2.0,68.0,0.0,2.0,12.0,0.0,58.0,3.0,21.0,17.0,0.0,0.0,137.0,0.0,18.0,4577.0,0.0,2.0,12.0,0.0,172.0,20.0,1.0,9.0,538.0,64.0,0.0,1.0,0.0,5.0,452.0,118.0,0.0,6.0,1318.0,0.0,3892.0,722.0,0.0,30.0,2511.0,1143.0,300.0,345.0,121.0,1176.0,51.0,351.0,214.0,7176.0,11.0,0.0,0.0,0.0,0.0,0.0,0.0,0.0,0.0,0.0,3139.0,64.0,102.0,0.0,7.0,119.0,0.0,1.0,13.0,23.0,4518.0,24.0,241.0,40.0,93.0,1.0,1905.0,0.0,12.0,54.0,1.0,896.0,0.0,7.0,0.0,0.0,1268.0,0.0,23.0,940.0,380.0,0.0,0.0,26519.0,6.0,255.0,130.0,0.0,25.0,47.0,13.0,179.0
2020-06-25,535.0,78.0,172.0,0.0,8.0,0.0,0.0,2285.0,771.0,0.0,29.0,33.0,590.0,0.0,508.0,3462.0,0.0,458.0,100.0,0.0,52.0,0.0,0.0,896.0,0.0,88.0,36.0,39436.0,0.0,0.0,128.0,31.0,0.0,16.0,0.0,229.0,326.0,0.0,0.0,0.0,3649.0,21.0,2389.0,0.0,0.0,91.0,22.0,1.0,0.0,1.0,127.0,260.0,186.0,54.0,13.0,0.0,695.0,691.0,1420.0,177.0,0.0,1.0,1.0,16.0,186.0,0.0,0.0,0.0,12.0,-169.0,234.0,0.0,107.0,0.0,3.0,630.0,445.0,0.0,8.0,0.0,0.0,0.0,6.0,771.0,0.0,70.0,0.0,1.0,108.0,0.0,587.0,7.0,2.0,16922.0,1113.0,2531.0,2200.0,5.0,0.0,439.0,577.0,5.0,86.0,0.0,24.0,1476.0,254.0,95.0,846.0,228.0,0.0,0.0,22.0,0.0,10.0,0.0,0.0,1.0,7.0,147.0,45.0,6.0,22.0,27.0,0.0,0.0,171.0,1.0,15.0,6288.0,0.0,0.0,29.0,0.0,563.0,5.0,1.0,4.0,629.0,82.0,0.0,3.0,0.0,5.0,649.0,136.0,0.0,26.0,1142.0,0.0,4044.0,562.0,1.0,106.0,3363.0,470.0,294.0,367.0,135.0,1199.0,28.0,364.0,321.0,7113.0,32.0,1.0,0.0,0.0,0.0,0.0,0.0,0.0,0.0,0.0,3123.0,95.0,143.0,0.0,7.0,191.0,0.0,18.0,7.0,25.0,5688.0,14.0,442.0,10.0,98.0,0.0,1487.0,44.0,0.0,63.0,1.0,886.0,0.0,0.0,0.0,1.0,1492.0,0.0,8.0,994.0,450.0,0.0,0.0,34191.0,3.0,235.0,138.0,3.0,23.0,12.0,5.0,159.0
2020-06-26,85.0,77.0,197.0,0.0,15.0,0.0,0.0,2635.0,759.0,0.0,37.0,47.0,547.0,0.0,511.0,3946.0,0.0,437.0,75.0,0.0,115.0,0.0,0.0,1098.0,0.0,119.0,0.0,42725.0,0.0,0.0,166.0,0.0,0.0,4.0,0.0,322.0,279.0,1.0,193.0,3.0,4648.0,29.0,3541.0,7.0,63.0,147.0,95.0,2.0,0.0,1.0,93.0,170.0,198.0,21.0,5.0,0.0,510.0,822.0,1569.0,186.0,0.0,0.0,1.0,16.0,141.0,0.0,0.0,0.0,5.0,0.0,206.0,0.0,131.0,1.0,2.0,477.0,460.0,0.0,11.0,0.0,0.0,0.0,14.0,279.0,0.0,37.0,0.0,3.0,105.0,0.0,628.0,9.0,1.0,17296.0,1178.0,2595.0,2437.0,9.0,0.0,481.0,296.0,8.0,87.0,1.0,15.0,1348.0,178.0,69.0,909.0,250.0,0.0,0.0,18.0,3.0,19.0,59.0,0.0,2.0,11.0,42.0,112.0,4.0,17.0,34.0,3.0,0.0,227.0,0.0,41.0,5437.0,0.0,1.0,25.0,0.0,431.0,26.0,0.0,26.0,434.0,110.0,0.0,1.0,0.0,3.0,594.0,153.0,0.0,16.0,1366.0,0.0,2775.0,716.0,1.0,41.0,3879.0,774.0,298.0,311.0,57.0,1060.0,39.0,375.0,460.0,6800.0,20.0,8.0,0.0,0.0,0.0,0.0,0.0,0.0,0.0,4.0,3372.0,104.0,137.0,5.0,27.0,113.0,0.0,23.0,6.0,18.0,6579.0,12.0,333.0,9.0,95.0,38.0,1566.0,52.0,11.0,61.0,4.0,778.0,0.0,12.0,0.0,2.0,1458.0,1.0,16.0,1109.0,430.0,0.0,4.0,37601.0,17.0,238.0,179.0,0.0,61.0,8.0,21.0,54.0
2020-07-02,260.0,82.0,365.0,0.0,7.0,0.0,0.0,2262.0,593.0,0.0,86.0,37.0,588.0,0.0,656.0,3775.0,0.0,306.0,134.0,4.0,0.0,0.0,0.0,1094.0,0.0,153.0,0.0,33846.0,0.0,0.0,165.0,0.0,0.0,40.0,0.0,0.0,286.0,1.0,0.0,0.0,2650.0,31.0,2803.0,0.0,114.0,190.0,54.0,7.0,0.0,1.0,92.0,285.0,83.0,26.0,22.0,0.0,819.0,0.0,1503.0,298.0,0.0,0.0,0.0,28.0,202.0,0.0,0.0,0.0,22.0,612.0,264.0,0.0,0.0,0.0,8.0,503.0,393.0,0.0,23.0,0.0,0.0,0.0,21.0,687.0,0.0,13.0,56.0,10.0,42.0,0.0,740.0,2.0,1.0,19148.0,1385.0,2549.0,2415.0,4.0,0.0,803.0,182.0,4.0,151.0,0.0,1.0,1509.0,307.0,113.0,745.0,526.0,0.0,3.0,10.0,8.0,24.0,0.0,0.0,1.0,46.0,89.0,77.0,1.0,21.0,0.0,0.0,0.0,235.0,0.0,40.0,5432.0,0.0,0.0,43.0,0.0,103.0,14.0,5.0,82.0,482.0,62.0,0.0,2.0,168.0,0.0,790.0,120.0,0.0,22.0,1124.0,0.0,4339.0,765.0,0.0,39.0,2848.0,997.0,382.0,313.0,72.0,915.0,54.0,285.0,326.0,6760.0,17.0,2.0,0.0,0.0,0.0,0.0,0.0,0.0,0.0,1.0,3402.0,132.0,272.0,0.0,36.0,215.0,0.0,20.0,13.0,0.0,8124.0,0.0,439.0,7.0,316.0,2.0,1241.0,220.0,14.0,51.0,6.0,617.0,0.0,18.0,0.0,1.0,1192.0,1.0,4.0,890.0,402.0,0.0,6.0,43556.0,4.0,277.0,302.0,0.0,32.0,38.0,14.0,330.0
2020-07-06,113.0,71.0,441.0,0.0,7.0,0.0,0.0,2590.0,330.0,0.0,87.0,73.0,523.0,0.0,510.0,2738.0,0.0,284.0,24.0,0.0,0.0,0.0,2.0,1253.0,0.0,144.0,0.0,37923.0,0.0,0.0,63.0,13.0,0.0,31.0,0.0,1445.0,226.0,0.0,0.0,1.0,3685.0,14.0,3884.0,2.0,0.0,310.0,57.0,3.0,0.0,1.0,75.0,0.0,32.0,0.0,56.0,0.0,1241.0,423.0,1218.0,270.0,0.0,0.0,0.0,34.0,0.0,0.0,0.0,1.0,2.0,0.0,0.0,0.0,0.0,0.0,2.0,219.0,697.0,0.0,8.0,0.0,0.0,0.0,0.0,1208.0,0.0,40.0,0.0,16.0,64.0,0.0,805.0,0.0,0.0,24248.0,1607.0,2560.0,2125.0,18.0,0.0,803.0,192.0,7.0,253.0,0.0,14.0,1403.0,309.0,152.0,638.0,597.0,0.0,1.0,18.0,12.0,41.0,71.0,0.0,5.0,46.0,213.0,129.0,5.0,33.0,27.0,0.0,0.0,174.0,0.0,0.0,6914.0,0.0,0.0,130.0,0.0,393.0,18.0,0.0,37.0,293.0,73.0,0.0,1.0,0.0,11.0,544.0,114.0,0.0,0.0,1072.0,0.0,3344.0,988.0,0.0,42.0,3481.0,2424.0,231.0,328.0,129.0,616.0,46.0,142.0,391.0,6611.0,13.0,11.0,0.0,1.0,0.0,0.0,0.0,0.0,0.0,1.0,3580.0,128.0,302.0,0.0,9.0,136.0,0.0,15.0,21.0,36.0,8773.0,35.0,256.0,2.0,0.0,18.0,0.0,70.0,20.0,54.0,5.0,401.0,0.0,4.0,1.0,7.0,1148.0,2.0,12.0,1366.0,683.0,0.0,0.0,57186.0,3.0,314.0,213.0,0.0,17.0,0.0,18.0,472.0
2020-07-09,59.0,82.0,469.0,0.0,10.0,0.0,0.0,2979.0,526.0,0.0,131.0,101.0,542.0,0.0,610.0,3489.0,0.0,221.0,137.0,0.0,0.0,3.0,0.0,1036.0,0.0,250.0,0.0,45305.0,0.0,0.0,240.0,0.0,28.0,43.0,0.0,0.0,232.0,0.0,38.0,0.0,2064.0,33.0,4213.0,0.0,64.0,245.0,53.0,4.0,0.0,3.0,129.0,538.0,77.0,12.0,11.0,0.0,1158.0,0.0,1025.0,259.0,0.0,0.0,8.0,82.0,199.0,0.0,0.0,0.0,7.0,370.0,281.0,0.0,128.0,2.0,5.0,442.0,854.0,0.0,33.0,0.0,0.0,0.0,4.0,815.0,0.0,61.0,0.0,6.0,61.0,0.0,763.0,5.0,0.0,24879.0,1853.0,2691.0,2741.0,4.0,0.0,1406.0,193.0,8.0,197.0,0.0,0.0,1962.0,278.0,214.0,762.0,361.0,0.0,7.0,39.0,43.0,9.0,0.0,0.0,10.0,47.0,101.0,65.0,3.0,16.0,10.0,0.0,0.0,76.0,0.0,0.0,6258.0,0.0,2.0,135.0,0.0,164.0,31.0,2.0,54.0,255.0,52.0,0.0,3.0,229.0,3.0,460.0,162.0,0.0,11.0,1210.0,0.0,3359.0,957.0,0.0,52.0,3575.0,2486.0,277.0,443.0,31.0,608.0,49.0,330.0,555.0,6509.0,22.0,12.0,0.0,0.0,0.0,0.0,0.0,0.0,0.0,0.0,3036.0,110.0,357.0,3.0,12.0,158.0,0.0,31.0,24.0,13.0,8810.0,0.0,697.0,13.0,87.0,21.0,514.0,129.0,0.0,48.0,5.0,597.0,0.0,6.0,0.0,16.0,1041.0,6.0,6.0,810.0,445.0,0.0,6.0,50263.0,5.0,421.0,282.0,0.0,21.0,0.0,98.0,475.0
2020-07-13,0.0,200.0,483.0,0.0,23.0,0.0,0.0,3449.0,182.0,0.0,244.0,52.0,520.0,3.0,471.0,2666.0,5.0,168.0,43.0,0.0,0.0,0.0,2.0,1635.0,0.0,482.0,85.0,39023.0,0.0,0.0,77.0,13.0,8.0,75.0,0.0,257.0,221.0,0.0,0.0,6.0,3012.0,46.0,4586.0,3.0,0.0,386.0,50.0,6.0,0.0,7.0,59.0,714.0,62.0,0.0,4.0,0.0,1418.0,661.0,912.0,283.0,0.0,0.0,0.0,40.0,206.0,0.0,0.0,0.0,2.0,0.0,0.0,0.0,0.0,0.0,9.0,159.0,270.0,0.0,31.0,0.0,0.0,0.0,0.0,979.0,0.0,97.0,0.0,1.0,73.0,0.0,530.0,5.0,0.0,28701.0,1681.0,2186.0,2312.0,17.0,0.0,1194.0,234.0,5.0,366.0,0.0,3.0,1646.0,379.0,216.0,836.0,488.0,0.0,0.0,166.0,49.0,12.0,44.0,0.0,4.0,83.0,289.0,103.0,14.0,67.0,5.0,0.0,0.0,149.0,0.0,0.0,6094.0,0.0,3.0,37.0,0.0,203.0,22.0,1.0,72.0,82.0,101.0,0.0,0.0,0.0,0.0,571.0,144.0,0.0,0.0,1318.0,0.0,2753.0,1075.0,0.0,84.0,3064.0,2037.0,370.0,291.0,288.0,470.0,62.0,174.0,456.0,6537.0,38.0,16.0,0.0,0.0,0.0,0.0,0.0,0.0,0.0,2.0,2779.0,121.0,287.0,0.0,17.0,178.0,0.0,8.0,14.0,8.0,12058.0,9.0,605.0,106.0,0.0,12.0,0.0,0.0,0.0,46.0,3.0,442.0,0.0,10.0,0.0,18.0,1012.0,5.0,12.0,612.0,401.0,0.0,14.0,62369.0,1.0,487.0,375.0,2.0,80.0,0.0,3.0,349.0
2020-07-20,34.0,82.0,535.0,0.0,18.0,0.0,0.0,3223.0,104.0,0.0,361.0,63.0,388.0,9.0,418.0,2459.0,1.0,142.0,69.0,0.0,0.0,1.0,2.0,2036.0,0.0,288.0,0.0,28532.0,0.0,0.0,95.0,18.0,12.0,29.0,0.0,0.0,330.0,0.0,0.0,0.0,2084.0,131.0,8560.0,6.0,0.0,582.0,119.0,1.0,0.0,1.0,90.0,423.0,153.0,0.0,8.0,0.0,1336.0,631.0,603.0,338.0,0.0,0.0,0.0,64.0,704.0,0.0,3.0,0.0,20.0,0.0,0.0,0.0,0.0,0.0,11.0,249.0,607.0,0.0,24.0,0.0,0.0,0.0,4.0,4233.0,0.0,53.0,0.0,7.0,78.0,0.0,1048.0,18.0,1.0,40425.0,1639.0,2182.0,2310.0,10.0,0.0,1440.0,218.0,6.0,454.0,0.0,4.0,1499.0,603.0,118.0,300.0,611.0,0.0,3.0,84.0,0.0,3.0,75.0,1.0,17.0,74.0,200.0,85.0,15.0,36.0,3.0,2.0,0.0,163.0,0.0,0.0,7615.0,0.0,0.0,111.0,0.0,221.0,56.0,0.0,44.0,156.0,144.0,0.0,1.0,0.0,0.0,556.0,127.0,0.0,0.0,1157.0,0.0,1587.0,853.0,2.0,172.0,3963.0,2152.0,358.0,246.0,610.0,340.0,26.0,186.0,767.0,5940.0,43.0,4.0,0.0,0.0,0.0,0.0,0.0,3.0,0.0,3.0,2504.0,141.0,396.0,0.0,10.0,257.0,0.0,3.0,6.0,8.0,13449.0,11.0,1663.0,16.0,230.0,58.0,0.0,98.0,0.0,44.0,1.0,493.0,0.0,0.0,1.0,26.0,924.0,0.0,3.0,651.0,211.0,0.0,0.0,66963.0,7.0,537.0,292.0,1.0,25.0,0.0,133.0,465.0
2020-07-21,106.0,81.0,607.0,4.0,44.0,0.0,0.0,4231.0,273.0,5.0,267.0,108.0,369.0,15.0,514.0,2928.0,0.0,118.0,442.0,0.0,0.0,0.0,1.0,1444.0,0.0,139.0,0.0,23529.0,0.0,0.0,196.0,0.0,6.0,28.0,0.0,365.0,339.0,0.0,0.0,0.0,2099.0,84.0,6578.0,0.0,218.0,563.0,16.0,0.0,0.0,0.0,153.0,193.0,40.0,89.0,9.0,0.0,1101.0,607.0,627.0,361.0,0.0,0.0,0.0,33.0,304.0,0.0,0.0,1.0,2.0,1810.0,90.0,0.0,0.0,19.0,10.0,522.0,763.0,0.0,5.0,0.0,0.0,0.0,0.0,997.0,0.0,46.0,4.0,9.0,10.0,0.0,1042.0,14.0,0.0,37148.0,1693.0,2414.0,2163.0,6.0,0.0,1012.0,190.0,16.0,640.0,0.0,5.0,1630.0,418.0,142.0,559.0,1108.0,0.0,0.0,46.0,0.0,16.0,114.0,0.0,15.0,122.0,104.0,53.0,21.0,33.0,0.0,1.0,0.0,50.0,0.0,26.0,5311.0,0.0,0.0,91.0,0.0,326.0,16.0,0.0,97.0,186.0,185.0,0.0,1.0,0.0,1.0,562.0,96.0,0.0,13.0,1739.0,0.0,1013.0,1207.0,0.0,92.0,4090.0,1442.0,279.0,135.0,398.0,389.0,45.0,135.0,681.0,5842.0,47.0,3.0,0.0,0.0,0.0,0.0,0.0,12.0,0.0,0.0,2429.0,138.0,359.0,0.0,0.0,123.0,0.0,1.0,7.0,11.0,9300.0,0.0,1464.0,6.0,0.0,28.0,767.0,43.0,26.0,43.0,5.0,413.0,0.0,9.0,0.0,7.0,931.0,6.0,4.0,673.0,271.0,0.0,14.0,62788.0,10.0,624.0,408.0,1.0,13.0,346.0,102.0,468.0
2020-07-22,112.0,119.0,587.0,0.0,30.0,0.0,0.0,4019.0,439.0,2.0,359.0,139.0,352.0,21.0,380.0,3057.0,1.0,135.0,145.0,2.0,88.0,0.0,2.0,1409.0,0.0,195.0,0.0,20257.0,0.0,0.0,325.0,0.0,0.0,36.0,26.0,0.0,786.0,0.0,76.0,0.0,1654.0,74.0,6727.0,3.0,0.0,420.0,52.0,3.0,0.0,2.0,226.0,219.0,91.0,40.0,7.0,0.0,841.0,1597.0,676.0,375.0,0.0,0.0,1.0,68.0,561.0,0.0,0.0,0.0,11.0,454.0,106.0,0.0,312.0,20.0,24.0,454.0,559.0,0.0,36.0,0.0,0.0,0.0,8.0,1190.0,0.0,35.0,0.0,1.0,37.0,0.0,776.0,19.0,0.0,37724.0,1655.0,2625.0,2466.0,36.0,0.0,1888.0,128.0,19.0,567.0,0.0,46.0,1685.0,397.0,168.0,671.0,1108.0,0.0,1.0,75.0,0.0,1.0,108.0,0.0,2.0,120.0,395.0,104.0,15.0,45.0,2.0,0.0,0.0,62.0,0.0,16.0,5172.0,0.0,0.0,97.0,0.0,180.0,29.0,0.0,22.0,150.0,163.0,0.0,0.0,292.0,3.0,576.0,163.0,1.0,10.0,1487.0,0.0,1332.0,958.0,10.0,27.0,4091.0,1866.0,399.0,127.0,479.0,393.0,63.0,327.0,994.0,5862.0,26.0,8.0,0.0,0.0,0.0,0.0,0.0,0.0,0.0,0.0,2476.0,37.0,352.0,0.0,16.0,398.0,0.0,41.0,24.0,5.0,8170.0,0.0,1744.0,0.0,135.0,50.0,118.0,108.0,18.0,46.0,6.0,793.0,0.0,7.0,0.0,8.0,928.0,0.0,3.0,829.0,305.0,0.0,11.0,57276.0,10.0,581.0,443.0,17.0,10.0,0.0,107.0,403.0
2020-07-23,188.0,68.0,594.0,5.0,33.0,0.0,0.0,5344.0,469.0,2.0,468.0,140.0,391.0,20.0,321.0,2744.0,0.0,173.0,553.0,1.0,0.0,0.0,0.0,1366.0,0.0,330.0,100.0,41008.0,0.0,0.0,330.0,1.0,10.0,47.0,1.0,0.0,573.0,0.0,13.0,0.0,1719.0,135.0,7033.0,0.0,83.0,277.0,108.0,13.0,0.0,0.0,246.0,202.0,92.0,48.0,3.0,0.0,1246.0,1040.0,667.0,393.0,0.0,0.0,3.0,44.0,452.0,0.0,0.0,0.0,11.0,945.0,32.0,0.0,155.0,0.0,12.0,569.0,683.0,0.0,29.0,0.0,0.0,0.0,5.0,906.0,0.0,122.0,0.0,2.0,46.0,0.0,734.0,14.0,1.0,45720.0,1882.0,2586.0,2706.0,17.0,0.0,1988.0,280.0,1.0,726.0,0.0,7.0,1646.0,637.0,140.0,751.0,967.0,0.0,4.0,125.0,0.0,6.0,88.0,0.0,11.0,129.0,614.0,153.0,16.0,59.0,17.0,2.0,0.0,0.0,0.0,15.0,6859.0,0.0,0.0,72.0,0.0,220.0,21.0,2.0,36.0,100.0,168.0,0.0,0.0,0.0,14.0,543.0,135.0,0.0,15.0,1660.0,0.0,1763.0,727.0,3.0,69.0,4406.0,1505.0,380.0,252.0,98.0,441.0,59.0,356.0,1030.0,5848.0,34.0,6.0,0.0,0.0,0.0,0.0,0.0,0.0,0.0,1.0,2331.0,136.0,426.0,-1.0,4.0,310.0,2.0,37.0,38.0,26.0,13150.0,28.0,2565.0,22.0,110.0,52.0,338.0,141.0,21.0,48.0,8.0,751.0,0.0,16.0,3.0,5.0,902.0,1.0,3.0,856.0,236.0,0.0,12.0,62929.0,32.0,360.0,440.0,7.0,11.0,257.0,214.0,356.0
2020-07-28,105.0,117.0,616.0,3.0,18.0,0.0,0.0,4205.0,239.0,2.0,532.0,64.0,396.0,16.0,351.0,2772.0,2.0,234.0,593.0,0.0,0.0,0.0,4.0,1148.0,0.0,183.0,53.0,24578.0,0.0,0.0,194.0,14.0,17.0,21.0,1.0,69.0,355.0,0.0,1.0,7.0,2133.0,217.0,8181.0,0.0,0.0,629.0,24.0,37.0,0.0,3.0,192.0,59.0,13.0,109.0,9.0,0.0,1248.0,467.0,420.0,405.0,0.0,2.0,4.0,109.0,579.0,0.0,23.0,0.0,5.0,2254.0,182.0,0.0,205.0,49.0,8.0,633.0,1187.0,0.0,34.0,0.0,0.0,0.0,12.0,6.0,0.0,47.0,0.0,10.0,18.0,0.0,838.0,8.0,7.0,47703.0,1525.0,2434.0,2553.0,11.0,0.0,1037.0,168.0,5.0,972.0,0.0,8.0,1526.0,1332.0,276.0,606.0,548.0,0.0,1.0,132.0,0.0,5.0,158.0,0.0,11.0,49.0,395.0,45.0,7.0,67.0,3.0,1.0,0.0,37.0,0.0,27.0,5480.0,0.0,0.0,0.0,0.0,609.0,32.0,0.0,68.0,139.0,205.0,0.0,1.0,0.0,0.0,648.0,127.0,0.0,32.0,1053.0,0.0,936.0,1432.0,0.0,116.0,4913.0,1592.0,337.0,135.0,288.0,292.0,28.0,120.0,1104.0,5395.0,56.0,0.0,0.0,0.0,0.0,0.0,0.0,0.0,0.0,2.0,1993.0,83.0,411.0,7.0,0.0,469.0,20.0,2.0,5.0,18.0,7097.0,0.0,1362.0,23.0,72.0,58.0,398.0,65.0,24.0,43.0,2.0,371.0,0.0,6.0,1.0,3.0,919.0,2.0,13.0,919.0,264.0,0.0,3.0,61498.0,18.0,686.0,534.0,11.0,10.0,71.0,192.0,332.0
2020-07-29,103.0,117.0,642.0,4.0,50.0,0.0,4.0,4890.0,308.0,0.0,369.0,132.0,412.0,40.0,439.0,2960.0,0.0,152.0,686.0,0.0,35.0,0.0,0.0,1752.0,0.0,232.0,0.0,23284.0,0.0,0.0,250.0,5.0,0.0,26.0,0.0,0.0,686.0,0.0,0.0,4.0,1877.0,212.0,8125.0,24.0,41.0,612.0,42.0,23.0,0.0,7.0,283.0,58.0,29.0,30.0,9.0,0.0,534.0,1118.0,465.0,411.0,0.0,0.0,0.0,88.0,653.0,0.0,6.0,0.0,6.0,672.0,48.0,0.0,0.0,0.0,10.0,684.0,782.0,0.0,52.0,1.0,0.0,0.0,2.0,1392.0,0.0,71.0,0.0,19.0,25.0,0.0,465.0,9.0,3.0,48513.0,1748.0,2667.0,2747.0,37.0,0.0,2052.0,202.0,11.0,940.0,2.0,6.0,1544.0,606.0,239.0,770.0,668.0,0.0,0.0,141.0,0.0,0.0,190.0,0.0,8.0,54.0,414.0,29.0,39.0,137.0,7.0,7.0,0.0,41.0,0.0,5.0,4973.0,0.0,1.0,0.0,0.0,500.0,19.0,1.0,75.0,311.0,223.0,0.0,1.0,76.0,0.0,624.0,102.0,0.0,15.0,846.0,0.0,1063.0,1146.0,1.0,104.0,4920.0,1633.0,502.0,111.0,409.0,283.0,48.0,367.0,1151.0,5475.0,47.0,0.0,0.0,0.0,0.0,0.0,0.0,0.0,0.0,2.0,1897.0,41.0,379.0,0.0,3.0,359.0,1.0,23.0,14.0,16.0,7231.0,17.0,2004.0,5.0,0.0,44.0,99.0,132.0,20.0,41.0,1.0,70.0,0.0,0.0,5.0,13.0,963.0,0.0,7.0,1022.0,369.0,0.0,11.0,54022.0,10.0,663.0,525.0,15.0,12.0,450.0,113.0,481.0
2020-08-02,0.0,120.0,556.0,5.0,39.0,0.0,0.0,5929.0,209.0,0.0,377.0,126.0,279.0,0.0,208.0,2199.0,0.0,138.0,292.0,0.0,0.0,0.0,1.0,1555.0,0.0,666.0,0.0,52383.0,0.0,0.0,146.0,5.0,0.0,29.0,1.0,0.0,513.0,0.0,6.0,0.0,1991.0,180.0,9488.0,0.0,11.0,530.0,86.0,25.0,0.0,10.0,125.0,62.0,0.0,0.0,0.0,0.0,1766.0,877.0,238.0,418.0,0.0,0.0,8.0,58.0,469.0,0.0,0.0,0.0,11.0,0.0,58.0,0.0,179.0,0.0,6.0,240.0,0.0,0.0,110.0,0.0,0.0,21.0,0.0,1190.0,0.0,0.0,0.0,12.0,12.0,0.0,588.0,21.0,8.0,54735.0,1560.0,2548.0,2095.0,44.0,0.0,1355.0,295.0,14.0,853.0,0.0,15.0,1226.0,727.0,224.0,491.0,420.0,0.0,7.0,175.0,98.0,3.0,70.0,0.0,18.0,0.0,405.0,108.0,9.0,156.0,13.0,21.0,0.0,0.0,0.0,0.0,8458.0,0.0,0.0,69.0,0.0,729.0,43.0,0.0,95.0,315.0,431.0,0.0,3.0,0.0,0.0,386.0,138.0,2.0,0.0,0.0,0.0,0.0,1065.0,19.0,131.0,0.0,4878.0,658.0,238.0,1091.0,216.0,30.0,380.0,1225.0,5427.0,20.0,4.0,0.0,0.0,0.0,0.0,0.0,0.0,0.0,3.0,1573.0,52.0,330.0,0.0,12.0,307.0,0.0,45.0,6.0,0.0,10107.0,77.0,3593.0,0.0,94.0,56.0,0.0,479.0,23.0,42.0,5.0,771.0,0.0,0.0,4.0,17.0,996.0,7.0,22.0,1112.0,254.0,0.0,15.0,67499.0,22.0,736.0,715.0,32.0,2.0,265.0,490.0,323.0
